ABZ,SCO
ABZ,AKX
ABZ,ALA
ABZ,TSE
ABZ,GUW
ABZ,KGF
ABZ,KSN
ABZ,KZO
ABZ,PWQ
ABZ,CIT
ABZ,URA
ABZ,UKK
AUH,SCO
AUH,AKX
AUH,ALA
AUH,AMS
AUH,AYT
AUH,TSE
AUH,GUW
AUH,GYD
AUH,BKK
AUH,PEK
AUH,FRU
AUH,DEL
AUH,FRA
AUH,SGN
AUH,IST
AUH,KGF
AUH,KZN
AUH,KBP
AUH,KSN
AUH,KUL
AUH,KZO
AUH,LHR
AUH,SVO
AUH,OVB
AUH,OMS
AUH,CDG
AUH,PWQ
AUH,LED
AUH,ICN
AUH,CIT
AUH,TAS
AUH,TBS
AUH,IKA
AUH,URA
AUH,URC
AUH,UKK
AUH,SVX
ADA,SCO
ADA,AKX
ADA,ALA
ADA,TSE
ADA,GUW
ADA,DEL
ADA,KGF
ADA,KSN
ADA,KZO
ADA,PWQ
ADA,CIT
ADA,URA
ADA,UKK
AMD,SCO
AMD,AKX
AMD,ALA
AMD,TSE
AMD,GUW
AMD,IST
AMD,KGF
AMD,KBP
AMD,KSN
AMD,KZO
AMD,PWQ
AMD,CIT
AMD,URA
AMD,UKK
SCO,ABZ
SCO,AUH
SCO,ADA
SCO,AMD
SCO,AKX
SCO,ALY
SCO,ALA
SCO,AMM
SCO,ATQ
SCO,AMS
SCO,AYT
SCO,ANR
SCO,ASB
SCO,TSE
SCO,ATH
SCO,GUW
SCO,BGW
SCO,BAH
SCO,GYD
SCO,BKK
SCO,BCN
SCO,EAP
SCO,BSR
SCO,PEK
SCO,BEY
SCO,BEG
SCO,BLR
SCO,BGO
SCO,BER
SCO,BHO
SCO,BIO
SCO,BLL
SCO,BHX
SCO,FRU
SCO,BJV
SCO,BLQ
SCO,BOD
SCO,BRE
SCO,BNE
SCO,BRS
SCO,BRU
SCO,OTP
SCO,BUD
SCO,BMV
SCO,CPT
SCO,CWL
SCO,CAS
SCO,CEB
SCO,IXC
SCO,CTU
SCO,MAA
SCO,CNX
SCO,HTA
SCO,CKG
SCO,CGN
SCO,CMB
SCO,CPH
SCO,DLI
SCO,DAD
SCO,DMM
SCO,DED
SCO,DEL
SCO,DPS
SCO,DAC
SCO,DIY
SCO,DOH
SCO,DRS
SCO,DXB
SCO,MME
SCO,DYU
SCO,DUS
SCO,EDI
SCO,EBL
SCO,FRA
SCO,FDH
SCO,FUK
SCO,GZT
SCO,GVA
SCO,GLA
SCO,GOI
SCO,GOP
SCO,GRZ
SCO,CAN
SCO,KWL
SCO,HAK
SCO,HPH
SCO,HAM
SCO,HGH
SCO,HAN
SCO,HAJ
SCO,HTY
SCO,HEL
SCO,HER
SCO,SGN
SCO,HKG
SCO,HUI
SCO,HUY
SCO,HYD
SCO,IDR
SCO,INN
SCO,IKT
SCO,IST
SCO,ADB
SCO,JAI
SCO,JKT
SCO,JED
SCO,JDH
SCO,JNB
SCO,KBL
SCO,KOJ
SCO,KHI
SCO,KGF
SCO,KTM
SCO,ASR
SCO,KZN
SCO,KHV
SCO,KRT
SCO,KBP
SCO,USM
SCO,COK
SCO,CCU
SCO,KSN
SCO,KBV
SCO,KRK
SCO,KUL
SCO,KWI
SCO,KZO
SCO,LGK
SCO,LBA
SCO,ECN
SCO,IXL
SCO,LEJ
SCO,LNZ
SCO,LHR
SCO,LKO
SCO,LYS
SCO,MED
SCO,MAD
SCO,GDX
SCO,AGP
SCO,MLX
SCO,MLE
SCO,MLA
SCO,MAN
SCO,MNL
SCO,MRS
SCO,MEL
SCO,MIL
SCO,SVO
SCO,BOM
SCO,MUC
SCO,FMO
SCO,MCT
SCO,NGO
SCO,NAL
SCO,NNG
SCO,NCL
SCO,NHA
SCO,NCE
SCO,NWI
SCO,OVB
SCO,NUE
SCO,ODS
SCO,OKA
SCO,OMS
SCO,OSA
SCO,KIX
SCO,OSL
SCO,CDG
SCO,PAT
SCO,PWQ
SCO,PER
SCO,PKC
SCO,PNH
SCO,PQC
SCO,HKT
SCO,PXU
SCO,TGD
SCO,OPO
SCO,PRG
SCO,PNQ
SCO,UIH
SCO,QYG
SCO,RPR
SCO,IXR
SCO,RIX
SCO,RUH
SCO,FCO
SCO,ROV
SCO,LED
SCO,SZG
SCO,SZF
SCO,SYX
SCO,SJJ
SCO,ICN
SCO,SHA
SCO,SHJ
SCO,CIT
SCO,REP
SCO,SIN
SCO,SOF
SCO,SXR
SCO,SVG
SCO,STO
SCO,STR
SCO,THS
SCO,ISU
SCO,SYD
SCO,TPE
SCO,TAS
SCO,TBS
SCO,IKA
SCO,TLV
SCO,TSN
SCO,TIA
SCO,TYO
SCO,NRT
SCO,HND
SCO,TLS
SCO,TZX
SCO,TDX
SCO,TRV
SCO,TJM
SCO,UDR
SCO,UUD
SCO,URA
SCO,URC
SCO,UKK
SCO,VLC
SCO,VNS
SCO,VAR
SCO,VCE
SCO,VIE
SCO,VII
SCO,VVO
SCO,WAW
SCO,XMN
SCO,YKS
SCO,SVX
SCO,EVN
SCO,UUS
SCO,ZAG
SCO,ZRH
AKX,ABZ
AKX,AUH
AKX,ADA
AKX,AMD
AKX,SCO
AKX,ALY
AKX,ALA
AKX,AMM
AKX,ATQ
AKX,AMS
AKX,AYT
AKX,ANR
AKX,ASB
AKX,TSE
AKX,ATH
AKX,GUW
AKX,BGW
AKX,BAH
AKX,GYD
AKX,BKK
AKX,BCN
AKX,EAP
AKX,BSR
AKX,PEK
AKX,BEY
AKX,BEG
AKX,BLR
AKX,BGO
AKX,BER
AKX,BHO
AKX,BIO
AKX,BLL
AKX,BHX
AKX,FRU
AKX,BJV
AKX,BLQ
AKX,BOD
AKX,BRE
AKX,BNE
AKX,BRS
AKX,BRU
AKX,OTP
AKX,BUD
AKX,BMV
AKX,CPT
AKX,CWL
AKX,CAS
AKX,CEB
AKX,IXC
AKX,CTU
AKX,MAA
AKX,CNX
AKX,HTA
AKX,CKG
AKX,CGN
AKX,CMB
AKX,CPH
AKX,DLI
AKX,DAD
AKX,DMM
AKX,DED
AKX,DEL
AKX,DPS
AKX,DAC
AKX,DIY
AKX,DOH
AKX,DRS
AKX,DXB
AKX,DYU
AKX,DUS
AKX,EDI
AKX,EBL
AKX,FRA
AKX,FDH
AKX,FUK
AKX,GZT
AKX,GVA
AKX,GLA
AKX,GOI
AKX,GOP
AKX,GRZ
AKX,CAN
AKX,KWL
AKX,HAK
AKX,HPH
AKX,HAM
AKX,HGH
AKX,HAN
AKX,HAJ
AKX,HTY
AKX,HEL
AKX,HER
AKX,SGN
AKX,HKG
AKX,HUI
AKX,HUY
AKX,HYD
AKX,IDR
AKX,INN
AKX,IKT
AKX,IST
AKX,ADB
AKX,JAI
AKX,JKT
AKX,JED
AKX,JDH
AKX,JNB
AKX,KBL
AKX,KOJ
AKX,KHI
AKX,KGF
AKX,KTM
AKX,ASR
AKX,KZN
AKX,KHV
AKX,KRT
AKX,KBP
AKX,USM
AKX,COK
AKX,CCU
AKX,KSN
AKX,KBV
AKX,KRK
AKX,KUL
AKX,KWI
AKX,KZO
AKX,LGK
AKX,ECN
AKX,IXL
AKX,LEJ
AKX,LNZ
AKX,LIS
AKX,LHR
AKX,LKO
AKX,LWO
AKX,LYS
AKX,MED
AKX,MAD
AKX,GDX
AKX,AGP
AKX,MLX
AKX,MLE
AKX,MLA
AKX,MAN
AKX,MNL
AKX,MRS
AKX,MEL
AKX,MIL
AKX,MSQ
AKX,SVO
AKX,BOM
AKX,MUC
AKX,FMO
AKX,MCT
AKX,NGO
AKX,NAL
AKX,NNG
AKX,NHA
AKX,NCE
AKX,OVB
AKX,NUE
AKX,ODS
AKX,OKA
AKX,OMS
AKX,OSA
AKX,KIX
AKX,OSL
AKX,CDG
AKX,PAT
AKX,PWQ
AKX,PKC
AKX,PNH
AKX,PQC
AKX,HKT
AKX,PXU
AKX,TGD
AKX,OPO
AKX,PRG
AKX,PNQ
AKX,UIH
AKX,QYG
AKX,RPR
AKX,IXR
AKX,RIX
AKX,RUH
AKX,FCO
AKX,ROV
AKX,LED
AKX,SZG
AKX,SZF
AKX,SYX
AKX,SJJ
AKX,ICN
AKX,SHA
AKX,SHJ
AKX,CIT
AKX,REP
AKX,SIN
AKX,SOF
AKX,SXR
AKX,STO
AKX,STR
AKX,THS
AKX,ISU
AKX,SYD
AKX,TPE
AKX,TAS
AKX,TBS
AKX,IKA
AKX,TLV
AKX,TSN
AKX,TIA
AKX,TYO
AKX,NRT
AKX,HND
AKX,TLS
AKX,TZX
AKX,TDX
AKX,TRV
AKX,TJM
AKX,UDR
AKX,UUD
AKX,URC
AKX,UKK
AKX,VLC
AKX,VNS
AKX,VAR
AKX,VCE
AKX,VIE
AKX,VNO
AKX,VII
AKX,VVO
AKX,WAW
AKX,XMN
AKX,YKS
AKX,SVX
AKX,EVN
AKX,UUS
AKX,ZAG
AKX,ZRH
ALC,TSE
ALA,ABZ
ALA,AUH
ALA,ADA
ALA,AMD
ALA,SCO
ALA,AKX
ALA,ALY
ALA,AMM
ALA,ATQ
ALA,AMS
ALA,AYT
ALA,ANR
ALA,ASB
ALA,TSE
ALA,ATH
ALA,GUW
ALA,BGW
ALA,BAH
ALA,GYD
ALA,BKK
ALA,BCN
ALA,BRI
ALA,EAP
ALA,BSR
ALA,PEK
ALA,BEY
ALA,BEG
ALA,BLR
ALA,BGO
ALA,BER
ALA,BHO
ALA,BIO
ALA,BLL
ALA,BHX
ALA,FRU
ALA,BJV
ALA,BLQ
ALA,BOD
ALA,BRE
ALA,BDS
ALA,BNE
ALA,BRS
ALA,BRU
ALA,OTP
ALA,BUD
ALA,BMV
ALA,CPT
ALA,CWL
ALA,CAS
ALA,CEB
ALA,IXC
ALA,CTU
ALA,MAA
ALA,CNX
ALA,HTA
ALA,CKG
ALA,CGN
ALA,CMB
ALA,CPH
ALA,DLI
ALA,DAD
ALA,DMM
ALA,DED
ALA,DEL
ALA,DPS
ALA,DAC
ALA,DIY
ALA,DOH
ALA,DRS
ALA,DXB
ALA,MME
ALA,DYU
ALA,DUS
ALA,EDI
ALA,EBL
ALA,FRA
ALA,FDH
ALA,FUK
ALA,GZT
ALA,GVA
ALA,GLA
ALA,GOI
ALA,GOP
ALA,GRZ
ALA,CAN
ALA,KWL
ALA,HAK
ALA,HPH
ALA,HAM
ALA,HGH
ALA,HAN
ALA,HAJ
ALA,HTY
ALA,HEL
ALA,HER
ALA,SGN
ALA,HKG
ALA,HUI
ALA,HUY
ALA,HYD
ALA,IDR
ALA,INN
ALA,IKT
ALA,IST
ALA,ADB
ALA,JAI
ALA,JKT
ALA,JED
ALA,JDH
ALA,JNB
ALA,KBL
ALA,KOJ
ALA,KHI
ALA,KGF
ALA,KTM
ALA,ASR
ALA,KZN
ALA,KHV
ALA,KRT
ALA,KBP
ALA,USM
ALA,COK
ALA,CCU
ALA,KSN
ALA,KBV
ALA,KRK
ALA,KUL
ALA,KWI
ALA,KZO
ALA,LGK
ALA,LBA
ALA,ECN
ALA,IXL
ALA,LEJ
ALA,LNZ
ALA,LIS
ALA,LHR
ALA,LKO
ALA,LWO
ALA,LYS
ALA,MED
ALA,MAD
ALA,GDX
ALA,AGP
ALA,MLX
ALA,MLE
ALA,MLA
ALA,MAN
ALA,MNL
ALA,MRS
ALA,MEL
ALA,MIL
ALA,MSQ
ALA,SVO
ALA,BOM
ALA,MUC
ALA,FMO
ALA,MCT
ALA,NGO
ALA,NAL
ALA,NNG
ALA,NCL
ALA,NHA
ALA,NCE
ALA,NWI
ALA,OVB
ALA,NUE
ALA,ODS
ALA,OKA
ALA,OMS
ALA,OSA
ALA,KIX
ALA,OSL
ALA,CDG
ALA,PAT
ALA,PWQ
ALA,PER
ALA,PKC
ALA,PNH
ALA,PQC
ALA,HKT
ALA,PXU
ALA,TGD
ALA,OPO
ALA,PRG
ALA,PNQ
ALA,UIH
ALA,QYG
ALA,RPR
ALA,IXR
ALA,RIX
ALA,RUH
ALA,FCO
ALA,ROV
ALA,LED
ALA,SZG
ALA,SZF
ALA,SYX
ALA,SJJ
ALA,ICN
ALA,SHA
ALA,SHJ
ALA,CIT
ALA,REP
ALA,SIN
ALA,SOF
ALA,SXR
ALA,SVG
ALA,STO
ALA,STR
ALA,THS
ALA,ISU
ALA,SYD
ALA,TPE
ALA,TLL
ALA,TAS
ALA,TBS
ALA,IKA
ALA,TLV
ALA,TSN
ALA,TIA
ALA,TYO
ALA,NRT
ALA,HND
ALA,TLS
ALA,TZX
ALA,TDX
ALA,TRV
ALA,TJM
ALA,UDR
ALA,UUD
ALA,URA
ALA,URC
ALA,UKK
ALA,VLC
ALA,VNS
ALA,VAR
ALA,VCE
ALA,VIE
ALA,VNO
ALA,VII
ALA,VVO
ALA,WAW
ALA,XMN
ALA,YKS
ALA,SVX
ALA,EVN
ALA,UUS
ALA,ZAG
ALA,ZRH
AMM,SCO
AMM,AKX
AMM,ALA
AMM,TSE
AMM,GUW
AMM,KGF
AMM,KSN
AMM,KZO
AMM,PWQ
AMM,CIT
AMM,URA
AMM,UKK
ATQ,SCO
ATQ,AKX
ATQ,ALA
ATQ,TSE
ATQ,GUW
ATQ,KGF
ATQ,KSN
ATQ,KZO
ATQ,PWQ
ATQ,CIT
ATQ,URA
ATQ,UKK
AMS,AUH
AMS,SCO
AMS,AKX
AMS,ALA
AMS,AYT
AMS,TSE
AMS,GUW
AMS,GYD
AMS,BKK
AMS,PEK
AMS,FRU
AMS,DEL
AMS,DYU
AMS,HKG
AMS,IST
AMS,KGF
AMS,KBP
AMS,KSN
AMS,KZO
AMS,SVO
AMS,OVB
AMS,OMS
AMS,PWQ
AMS,LED
AMS,CIT
AMS,TAS
AMS,TBS
AMS,IKA
AMS,TJM
AMS,URA
AMS,URC
AMS,UKK
AMS,WAW
AMS,SVX
AYT,AUH
AYT,SCO
AYT,AKX
AYT,ALA
AYT,AMS
AYT,TSE
AYT,GUW
AYT,GYD
AYT,BKK
AYT,PEK
AYT,FRU
AYT,DEL
AYT,DYU
AYT,FRA
AYT,HKG
AYT,IST
AYT,KGF
AYT,KBP
AYT,KSN
AYT,KUL
AYT,KZO
AYT,SVO
AYT,OVB
AYT,OMS
AYT,PWQ
AYT,LED
AYT,ICN
AYT,CIT
AYT,TAS
AYT,TBS
AYT,IKA
AYT,TJM
AYT,URA
AYT,URC
AYT,UKK
AYT,SVX
ASB,SCO
ASB,AKX
ASB,ALA
ASB,TSE
ASB,GUW
ASB,KGF
ASB,KSN
ASB,KZO
ASB,PWQ
ASB,CIT
ASB,URA
ASB,UKK
TSE,ABZ
TSE,AUH
TSE,ADA
TSE,AMD
TSE,SCO
TSE,AKX
TSE,ALY
TSE,ALC
TSE,ALA
TSE,AMM
TSE,ATQ
TSE,AMS
TSE,AYT
TSE,ANR
TSE,ASB
TSE,ATH
TSE,GUW
TSE,BGW
TSE,BAH
TSE,GYD
TSE,BKK
TSE,BCN
TSE,BRI
TSE,EAP
TSE,BSR
TSE,PEK
TSE,BEY
TSE,BEG
TSE,BLR
TSE,BGO
TSE,BER
TSE,BHO
TSE,BIO
TSE,BLL
TSE,BHX
TSE,FRU
TSE,BJV
TSE,BLQ
TSE,BOD
TSE,BRE
TSE,BDS
TSE,BNE
TSE,BRS
TSE,BRU
TSE,OTP
TSE,BUD
TSE,BMV
TSE,CPT
TSE,CWL
TSE,CAS
TSE,CEB
TSE,IXC
TSE,CTU
TSE,MAA
TSE,CNX
TSE,HTA
TSE,CKG
TSE,CGN
TSE,CMB
TSE,CPH
TSE,LCG
TSE,DLI
TSE,DAD
TSE,DMM
TSE,DED
TSE,DEL
TSE,DPS
TSE,DAC
TSE,DIY
TSE,DOH
TSE,DRS
TSE,DXB
TSE,MME
TSE,DYU
TSE,DUS
TSE,EDI
TSE,EBL
TSE,FRA
TSE,FDH
TSE,FUK
TSE,GZT
TSE,GVA
TSE,GLA
TSE,GOI
TSE,GOP
TSE,LPA
TSE,GRZ
TSE,CAN
TSE,KWL
TSE,HAK
TSE,HPH
TSE,HAM
TSE,HGH
TSE,HAN
TSE,HAJ
TSE,HTY
TSE,HEL
TSE,HER
TSE,SGN
TSE,HKG
TSE,HUI
TSE,HUY
TSE,HYD
TSE,IBZ
TSE,IDR
TSE,INN
TSE,IKT
TSE,IST
TSE,ADB
TSE,JAI
TSE,JKT
TSE,JED
TSE,JDH
TSE,JNB
TSE,KBL
TSE,KOJ
TSE,KHI
TSE,KGF
TSE,KTM
TSE,KTW
TSE,ASR
TSE,KZN
TSE,KHV
TSE,KRT
TSE,KBP
TSE,USM
TSE,COK
TSE,CCU
TSE,KSN
TSE,KBV
TSE,KRK
TSE,KUL
TSE,KWI
TSE,KZO
TSE,LGK
TSE,ACE
TSE,LBA
TSE,ECN
TSE,IXL
TSE,LEJ
TSE,LNZ
TSE,LIS
TSE,LHR
TSE,LKO
TSE,LWO
TSE,LYS
TSE,MED
TSE,MAD
TSE,GDX
TSE,AGP
TSE,MLX
TSE,MLE
TSE,MLA
TSE,MAN
TSE,MNL
TSE,MRS
TSE,MEL
TSE,MIL
TSE,MSQ
TSE,SVO
TSE,BOM
TSE,MUC
TSE,FMO
TSE,MCT
TSE,NGO
TSE,NAL
TSE,NNG
TSE,NCL
TSE,NHA
TSE,NCE
TSE,NSK
TSE,NWI
TSE,OVB
TSE,NUE
TSE,ODS
TSE,OKA
TSE,OMS
TSE,OSA
TSE,KIX
TSE,OSL
TSE,PMI
TSE,CDG
TSE,PAT
TSE,PWQ
TSE,PER
TSE,PKC
TSE,PNH
TSE,PQC
TSE,HKT
TSE,PXU
TSE,TGD
TSE,OPO
TSE,PRG
TSE,PNQ
TSE,UIH
TSE,QYG
TSE,RPR
TSE,IXR
TSE,RIX
TSE,RUH
TSE,FCO
TSE,ROV
TSE,LED
TSE,SZG
TSE,SZF
TSE,SYX
TSE,SJJ
TSE,ICN
TSE,SHA
TSE,SHJ
TSE,CIT
TSE,REP
TSE,SIN
TSE,SOF
TSE,SXR
TSE,SVG
TSE,STO
TSE,STR
TSE,THS
TSE,ISU
TSE,SYD
TSE,TPE
TSE,TLL
TSE,TAS
TSE,TBS
TSE,IKA
TSE,TLV
TSE,TCI
TSE,TSN
TSE,TIA
TSE,TYO
TSE,NRT
TSE,HND
TSE,TLS
TSE,TZX
TSE,TDX
TSE,TRV
TSE,TJM
TSE,UDR
TSE,UUD
TSE,URA
TSE,URC
TSE,UKK
TSE,VLC
TSE,VNS
TSE,VAR
TSE,VCE
TSE,VIE
TSE,VGO
TSE,VNO
TSE,VII
TSE,VVO
TSE,WAW
TSE,XMN
TSE,YKS
TSE,SVX
TSE,EVN
TSE,UUS
TSE,ZAG
TSE,ZRH
ATH,SCO
ATH,AKX
ATH,ALA
ATH,TSE
ATH,GUW
ATH,KGF
ATH,KSN
ATH,KZO
ATH,PWQ
ATH,CIT
ATH,URA
ATH,UKK
GUW,ABZ
GUW,AUH
GUW,ADA
GUW,AMD
GUW,SCO
GUW,AKX
GUW,ALY
GUW,ALA
GUW,AMM
GUW,ATQ
GUW,AMS
GUW,AYT
GUW,ANR
GUW,ASB
GUW,TSE
GUW,ATH
GUW,BGW
GUW,BAH
GUW,GYD
GUW,BKK
GUW,BRI
GUW,EAP
GUW,BSR
GUW,PEK
GUW,BEY
GUW,BEG
GUW,BLR
GUW,BGO
GUW,BHO
GUW,BIO
GUW,BLL
GUW,BHX
GUW,FRU
GUW,BJV
GUW,BLQ
GUW,BOD
GUW,BRE
GUW,BDS
GUW,BNE
GUW,BRS
GUW,BRU
GUW,OTP
GUW,BUD
GUW,BMV
GUW,CPT
GUW,CWL
GUW,CAS
GUW,CEB
GUW,IXC
GUW,CTU
GUW,MAA
GUW,CNX
GUW,HTA
GUW,CKG
GUW,CGN
GUW,CMB
GUW,CPH
GUW,DLI
GUW,DAD
GUW,DMM
GUW,DED
GUW,DEL
GUW,DPS
GUW,DAC
GUW,DIY
GUW,DOH
GUW,DRS
GUW,DXB
GUW,MME
GUW,DYU
GUW,DUS
GUW,EDI
GUW,EBL
GUW,FRA
GUW,FDH
GUW,FUK
GUW,GZT
GUW,GVA
GUW,GLA
GUW,GOI
GUW,GOP
GUW,GRZ
GUW,KWL
GUW,HAK
GUW,HPH
GUW,HAM
GUW,HGH
GUW,HAN
GUW,HAJ
GUW,HTY
GUW,HEL
GUW,HER
GUW,SGN
GUW,HKG
GUW,HUI
GUW,HUY
GUW,HYD
GUW,IDR
GUW,INN
GUW,IKT
GUW,IST
GUW,JAI
GUW,JKT
GUW,JED
GUW,JDH
GUW,JNB
GUW,KBL
GUW,KOJ
GUW,KHI
GUW,KGF
GUW,KTM
GUW,ASR
GUW,KZN
GUW,KHV
GUW,KRT
GUW,KBP
GUW,USM
GUW,COK
GUW,CCU
GUW,KSN
GUW,KBV
GUW,KRK
GUW,KUL
GUW,KWI
GUW,KZO
GUW,LGK
GUW,LBA
GUW,ECN
GUW,IXL
GUW,LEJ
GUW,LNZ
GUW,LIS
GUW,LHR
GUW,LKO
GUW,LYS
GUW,MED
GUW,GDX
GUW,AGP
GUW,MLX
GUW,MLE
GUW,MLA
GUW,MNL
GUW,MRS
GUW,MIL
GUW,SVO
GUW,BOM
GUW,FMO
GUW,MCT
GUW,NGO
GUW,NAL
GUW,NNG
GUW,NCL
GUW,NHA
GUW,NCE
GUW,NWI
GUW,OVB
GUW,NUE
GUW,ODS
GUW,OKA
GUW,OMS
GUW,OSA
GUW,KIX
GUW,OSL
GUW,CDG
GUW,PAT
GUW,PWQ
GUW,PER
GUW,PKC
GUW,PNH
GUW,PQC
GUW,HKT
GUW,PXU
GUW,TGD
GUW,OPO
GUW,PRG
GUW,PNQ
GUW,UIH
GUW,QYG
GUW,RPR
GUW,IXR
GUW,RIX
GUW,RUH
GUW,FCO
GUW,ROV
GUW,LED
GUW,SZG
GUW,SZF
GUW,SYX
GUW,SJJ
GUW,ICN
GUW,SHA
GUW,SHJ
GUW,CIT
GUW,REP
GUW,SIN
GUW,SOF
GUW,SXR
GUW,SVG
GUW,STO
GUW,STR
GUW,THS
GUW,ISU
GUW,SYD
GUW,TPE
GUW,TAS
GUW,TBS
GUW,IKA
GUW,TLV
GUW,TSN
GUW,TIA
GUW,TYO
GUW,NRT
GUW,HND
GUW,TLS
GUW,TZX
GUW,TDX
GUW,TRV
GUW,TJM
GUW,UDR
GUW,UUD
GUW,URA
GUW,URC
GUW,UKK
GUW,VLC
GUW,VNS
GUW,VAR
GUW,VCE
GUW,VIE
GUW,VII
GUW,VVO
GUW,WAW
GUW,XMN
GUW,YKS
GUW,SVX
GUW,EVN
GUW,UUS
GUW,ZAG
GUW,ZRH
BGW,SCO
BGW,AKX
BGW,ALA
BGW,TSE
BGW,GUW
BGW,KGF
BGW,KSN
BGW,KZO
BGW,PWQ
BGW,CIT
BGW,URA
BGW,UKK
BAH,SCO
BAH,AKX
BAH,ALA
BAH,TSE
BAH,GUW
BAH,IST
BAH,KGF
BAH,KSN
BAH,KZO
BAH,SVO
BAH,PWQ
BAH,CIT
BAH,URA
BAH,UKK
GYD,AUH
GYD,SCO
GYD,AKX
GYD,ALA
GYD,AMS
GYD,AYT
GYD,TSE
GYD,GUW
GYD,BKK
GYD,PEK
GYD,FRU
GYD,DEL
GYD,DXB
GYD,DYU
GYD,FRA
GYD,SGN
GYD,HKG
GYD,IST
GYD,KGF
GYD,KZN
GYD,KBP
GYD,USM
GYD,KSN
GYD,KUL
GYD,KZO
GYD,LHR
GYD,MEL
GYD,SVO
GYD,OVB
GYD,OMS
GYD,CDG
GYD,PWQ
GYD,HKT
GYD,LED
GYD,ICN
GYD,CIT
GYD,SIN
GYD,SYD
GYD,TAS
GYD,TBS
GYD,IKA
GYD,TDX
GYD,TJM
GYD,URA
GYD,URC
GYD,UKK
GYD,WAW
GYD,SVX
BKK,AUH
BKK,SCO
BKK,AKX
BKK,ALA
BKK,AMS
BKK,AYT
BKK,TSE
BKK,GUW
BKK,GYD
BKK,PEK
BKK,FRU
BKK,DEL
BKK,DXB
BKK,FRA
BKK,SGN
BKK,IST
BKK,KGF
BKK,KZN
BKK,KBP
BKK,KSN
BKK,KZO
BKK,LHR
BKK,SVO
BKK,OVB
BKK,OMS
BKK,CDG
BKK,PWQ
BKK,PER
BKK,QYG
BKK,LED
BKK,ICN
BKK,CIT
BKK,SIN
BKK,SYD
BKK,TAS
BKK,TBS
BKK,IKA
BKK,TJM
BKK,URA
BKK,URC
BKK,UKK
BKK,VIE
BKK,WAW
BKK,SVX
BCN,SCO
BCN,AKX
BCN,ALA
BCN,TSE
BCN,GUW
BCN,KGF
BCN,KSN
BCN,KZO
BCN,PWQ
BCN,CIT
BCN,URA
BCN,UKK
EAP,SCO
EAP,AKX
EAP,ALA
EAP,TSE
EAP,GUW
EAP,KGF
EAP,KSN
EAP,KZO
EAP,PWQ
EAP,CIT
EAP,URA
EAP,UKK
BSR,SCO
BSR,AKX
BSR,ALA
BSR,TSE
BSR,GUW
BSR,KGF
BSR,KZO
BSR,PWQ
BSR,CIT
BSR,URA
BSR,UKK
PEK,AUH
PEK,SCO
PEK,AKX
PEK,ALA
PEK,AMS
PEK,AYT
PEK,TSE
PEK,GUW
PEK,GYD
PEK,BKK
PEK,FRU
PEK,DEL
PEK,DXB
PEK,DYU
PEK,FRA
PEK,IST
PEK,KGF
PEK,KZN
PEK,KBP
PEK,KSN
PEK,KUL
PEK,KZO
PEK,LHR
PEK,MEL
PEK,SVO
PEK,OVB
PEK,OMS
PEK,CDG
PEK,PWQ
PEK,PER
PEK,LED
PEK,ICN
PEK,CIT
PEK,SIN
PEK,SYD
PEK,TAS
PEK,TBS
PEK,IKA
PEK,TJM
PEK,URA
PEK,URC
PEK,UKK
PEK,VIE
PEK,WAW
PEK,SVX
BEY,SCO
BEY,AKX
BEY,ALA
BEY,TSE
BEY,GUW
BEY,KGF
BEY,KSN
BEY,KZO
BEY,PWQ
BEY,CIT
BEY,URA
BEY,UKK
BEG,SCO
BEG,AKX
BEG,ALA
BEG,TSE
BEG,GUW
BEG,KGF
BEG,KSN
BEG,KZO
BEG,PWQ
BEG,CIT
BEG,URA
BEG,UKK
BLR,SCO
BLR,AKX
BLR,ALA
BLR,TSE
BLR,GUW
BLR,KGF
BLR,KZO
BLR,PWQ
BLR,CIT
BLR,URA
BLR,UKK
BGO,SCO
BGO,AKX
BGO,ALA
BGO,TSE
BGO,GUW
BGO,KGF
BGO,KSN
BGO,KZO
BGO,PWQ
BGO,CIT
BGO,URA
BGO,UKK
BER,SCO
BER,AKX
BER,ALA
BER,TSE
BER,GUW
BER,KGF
BER,KSN
BER,KZO
BER,PWQ
BER,CIT
BER,URA
BER,UKK
BHO,SCO
BHO,AKX
BHO,ALA
BHO,TSE
BHO,GUW
BHO,KGF
BHO,KSN
BHO,KZO
BHO,PWQ
BHO,CIT
BHO,URA
BHO,UKK
BIO,SCO
BIO,AKX
BIO,ALA
BIO,TSE
BIO,GUW
BIO,KGF
BIO,KSN
BIO,KZO
BIO,PWQ
BIO,CIT
BIO,URA
BIO,UKK
BLL,SCO
BLL,AKX
BLL,ALA
BLL,TSE
BLL,GUW
BLL,KGF
BLL,KSN
BLL,KZO
BLL,PWQ
BLL,CIT
BLL,URA
BLL,UKK
BHX,SCO
BHX,AKX
BHX,ALA
BHX,TSE
BHX,GUW
BHX,KGF
BHX,KSN
BHX,KZO
BHX,PWQ
BHX,CIT
BHX,URA
BHX,UKK
FRU,AUH
FRU,SCO
FRU,AKX
FRU,ALA
FRU,AMS
FRU,AYT
FRU,TSE
FRU,GUW
FRU,GYD
FRU,BKK
FRU,PEK
FRU,DEL
FRU,DXB
FRU,FRA
FRU,SGN
FRU,HKG
FRU,IST
FRU,KGF
FRU,KZN
FRU,KBP
FRU,KSN
FRU,KUL
FRU,KZO
FRU,LHR
FRU,MEL
FRU,SVO
FRU,OVB
FRU,OMS
FRU,CDG
FRU,PWQ
FRU,PER
FRU,QYG
FRU,LED
FRU,ICN
FRU,CIT
FRU,SIN
FRU,SYD
FRU,TAS
FRU,TBS
FRU,IKA
FRU,TDX
FRU,TJM
FRU,URA
FRU,URC
FRU,UKK
FRU,VIE
FRU,WAW
FRU,SVX
BJV,SCO
BJV,AKX
BJV,ALA
BJV,TSE
BJV,GUW
BJV,KGF
BJV,KSN
BJV,KZO
BJV,PWQ
BJV,CIT
BJV,URA
BJV,UKK
BLQ,SCO
BLQ,AKX
BLQ,ALA
BLQ,TSE
BLQ,GUW
BLQ,KGF
BLQ,KSN
BLQ,KZO
BLQ,PWQ
BLQ,CIT
BLQ,URA
BLQ,UKK
BOD,SCO
BOD,AKX
BOD,ALA
BOD,TSE
BOD,GUW
BOD,KGF
BOD,KSN
BOD,KZO
BOD,PWQ
BOD,CIT
BOD,URA
BOD,URC
BOD,UKK
BRE,SCO
BRE,AKX
BRE,ALA
BRE,TSE
BRE,GUW
BRE,KGF
BRE,KSN
BRE,KZO
BRE,PWQ
BRE,CIT
BRE,URA
BRE,UKK
BNE,SCO
BNE,AKX
BNE,ALA
BNE,TSE
BNE,GUW
BNE,KGF
BNE,KSN
BNE,KZO
BNE,PWQ
BNE,CIT
BNE,URA
BNE,UKK
BRS,SCO
BRS,AKX
BRS,ALA
BRS,TSE
BRS,GUW
BRS,KGF
BRS,KSN
BRS,KZO
BRS,PWQ
BRS,CIT
BRS,URA
BRS,UKK
BRU,SCO
BRU,AKX
BRU,ALA
BRU,TSE
BRU,GUW
BRU,KGF
BRU,KSN
BRU,KZO
BRU,PWQ
BRU,CIT
BRU,URA
BRU,UKK
OTP,SCO
OTP,AKX
OTP,ALA
OTP,TSE
OTP,GUW
OTP,KGF
OTP,KSN
OTP,KZO
OTP,PWQ
OTP,CIT
OTP,URA
OTP,UKK
BUD,SCO
BUD,AKX
BUD,ALA
BUD,TSE
BUD,GUW
BUD,KGF
BUD,KSN
BUD,KZO
BUD,PWQ
BUD,CIT
BUD,URA
BUD,UKK
CPT,SCO
CPT,AKX
CPT,ALA
CPT,TSE
CPT,GUW
CPT,KGF
CPT,KSN
CPT,KZO
CPT,PWQ
CPT,CIT
CPT,URA
CPT,UKK
CWL,SCO
CWL,AKX
CWL,ALA
CWL,TSE
CWL,GUW
CWL,KGF
CWL,KSN
CWL,KZO
CWL,PWQ
CWL,CIT
CWL,URA
CWL,UKK
CAS,SCO
CAS,AKX
CAS,ALA
CAS,TSE
CAS,GUW
CAS,KGF
CAS,KSN
CAS,KZO
CAS,PWQ
CAS,CIT
CAS,URA
CAS,UKK
CEB,SCO
CEB,AKX
CEB,ALA
CEB,TSE
CEB,GUW
CEB,KGF
CEB,KZO
CEB,PWQ
CEB,CIT
CEB,URA
CEB,UKK
IXC,SCO
IXC,AKX
IXC,ALA
IXC,TSE
IXC,GUW
IXC,KGF
IXC,KSN
IXC,KZO
IXC,PWQ
IXC,CIT
IXC,URA
IXC,UKK
CTU,SCO
CTU,AKX
CTU,ALA
CTU,TSE
CTU,GUW
CTU,KGF
CTU,KZO
CTU,PWQ
CTU,CIT
CTU,URA
CTU,UKK
MAA,SCO
MAA,AKX
MAA,ALA
MAA,TSE
MAA,GUW
MAA,KGF
MAA,KSN
MAA,KZO
MAA,PWQ
MAA,CIT
MAA,TBS
MAA,URA
MAA,UKK
HTA,SCO
HTA,AKX
HTA,ALA
HTA,TSE
HTA,GUW
HTA,KSN
HTA,KZO
HTA,PWQ
HTA,CIT
HTA,URA
HTA,UKK
CKG,SCO
CKG,AKX
CKG,ALA
CKG,TSE
CKG,GUW
CKG,KGF
CKG,KZO
CKG,PWQ
CKG,CIT
CKG,URA
CKG,UKK
CGN,SCO
CGN,AKX
CGN,ALA
CGN,TSE
CGN,GUW
CGN,KSN
CGN,KZO
CGN,PWQ
CGN,CIT
CGN,URA
CGN,UKK
CMB,SCO
CMB,AKX
CMB,ALA
CMB,TSE
CMB,GUW
CMB,KGF
CMB,KSN
CMB,KZO
CMB,PWQ
CMB,CIT
CMB,URA
CMB,UKK
CPH,SCO
CPH,AKX
CPH,ALA
CPH,TSE
CPH,GUW
CPH,KGF
CPH,KSN
CPH,KZO
CPH,PWQ
CPH,CIT
CPH,URA
CPH,UKK
LCG,TSE
DAD,SCO
DAD,AKX
DAD,ALA
DAD,TSE
DAD,GUW
DAD,KGF
DAD,KZO
DAD,PWQ
DAD,CIT
DAD,URA
DAD,UKK
DMM,SCO
DMM,AKX
DMM,ALA
DMM,TSE
DMM,GUW
DMM,KGF
DMM,KSN
DMM,KZO
DMM,PWQ
DMM,CIT
DMM,URA
DMM,UKK
DED,SCO
DED,AKX
DED,ALA
DED,TSE
DED,GUW
DED,KGF
DED,KSN
DED,KZO
DED,PWQ
DED,CIT
DED,URA
DED,UKK
DEL,AUH
DEL,ADA
DEL,SCO
DEL,AKX
DEL,ALA
DEL,AMS
DEL,AYT
DEL,TSE
DEL,GUW
DEL,GYD
DEL,BKK
DEL,PEK
DEL,FRU
DEL,BJV
DEL,DIY
DEL,DXB
DEL,FRA
DEL,GZT
DEL,HKG
DEL,IST
DEL,ADB
DEL,KGF
DEL,ASR
DEL,KZN
DEL,KBP
DEL,KSN
DEL,KUL
DEL,LHR
DEL,MLX
DEL,MEL
DEL,SVO
DEL,OVB
DEL,OMS
DEL,CDG
DEL,PWQ
DEL,LED
DEL,SZF
DEL,ICN
DEL,CIT
DEL,SIN
DEL,SYD
DEL,TAS
DEL,TBS
DEL,IKA
DEL,TZX
DEL,TJM
DEL,URA
DEL,URC
DEL,UKK
DEL,VIE
DEL,WAW
DPS,SCO
DPS,AKX
DPS,ALA
DPS,TSE
DPS,GUW
DPS,KGF
DPS,KSN
DPS,KZO
DPS,PWQ
DPS,CIT
DPS,URA
DPS,UKK
DAC,SCO
DAC,AKX
DAC,ALA
DAC,TSE
DAC,GUW
DAC,KGF
DAC,KSN
DAC,KZO
DAC,PWQ
DAC,CIT
DAC,URA
DAC,UKK
DOH,SCO
DOH,AKX
DOH,ALA
DOH,TSE
DOH,GUW
DOH,KGF
DOH,KSN
DOH,KZO
DOH,PWQ
DOH,CIT
DOH,URA
DOH,UKK
DRS,SCO
DRS,AKX
DRS,ALA
DRS,TSE
DRS,GUW
DRS,KGF
DRS,KSN
DRS,KZO
DRS,PWQ
DRS,CIT
DRS,URA
DRS,UKK
DXB,SCO
DXB,AKX
DXB,ALA
DXB,TSE
DXB,GUW
DXB,GYD
DXB,BKK
DXB,PEK
DXB,FRU
DXB,DEL
DXB,DYU
DXB,SGN
DXB,HKG
DXB,KGF
DXB,KZN
DXB,KBP
DXB,KSN
DXB,KUL
DXB,KZO
DXB,LHR
DXB,MEL
DXB,SVO
DXB,OVB
DXB,OMS
DXB,CDG
DXB,PWQ
DXB,PER
DXB,LED
DXB,ICN
DXB,CIT
DXB,SIN
DXB,SYD
DXB,TAS
DXB,TBS
DXB,IKA
DXB,TJM
DXB,URA
DXB,URC
DXB,UKK
DXB,WAW
DXB,SVX
MME,SCO
MME,ALA
MME,TSE
MME,GUW
DYU,AUH
DYU,SCO
DYU,AKX
DYU,ALA
DYU,AMS
DYU,AYT
DYU,TSE
DYU,GUW
DYU,GYD
DYU,BKK
DYU,PEK
DYU,FRU
DYU,DXB
DYU,SGN
DYU,IST
DYU,KGF
DYU,KZN
DYU,KBP
DYU,KSN
DYU,KUL
DYU,LHR
DYU,MEL
DYU,SVO
DYU,OVB
DYU,OMS
DYU,CDG
DYU,PWQ
DYU,PER
DYU,LED
DYU,ICN
DYU,CIT
DYU,SIN
DYU,SYD
DYU,TAS
DYU,TBS
DYU,IKA
DYU,TDX
DYU,TJM
DYU,URA
DYU,URC
DYU,UKK
DYU,VIE
DYU,WAW
DUS,SCO
DUS,AKX
DUS,ALA
DUS,TSE
DUS,GUW
DUS,KGF
DUS,KSN
DUS,KZO
DUS,PWQ
DUS,CIT
DUS,URA
DUS,UKK
EDI,SCO
EDI,AKX
EDI,ALA
EDI,TSE
EDI,GUW
EDI,KGF
EDI,KSN
EDI,KZO
EDI,PWQ
EDI,CIT
EDI,URA
EDI,UKK
EBL,SCO
EBL,AKX
EBL,ALA
EBL,TSE
EBL,GUW
EBL,KGF
EBL,KSN
EBL,KZO
EBL,PWQ
EBL,CIT
EBL,URA
EBL,UKK
FRA,AUH
FRA,SCO
FRA,AKX
FRA,ALA
FRA,AYT
FRA,TSE
FRA,GUW
FRA,GYD
FRA,BKK
FRA,PEK
FRA,FRU
FRA,DEL
FRA,DYU
FRA,HKG
FRA,IST
FRA,KGF
FRA,KZN
FRA,KBP
FRA,USM
FRA,KSN
FRA,KBV
FRA,KUL
FRA,KZO
FRA,MEL
FRA,SVO
FRA,OVB
FRA,OMS
FRA,PWQ
FRA,PER
FRA,HKT
FRA,LED
FRA,ICN
FRA,CIT
FRA,SIN
FRA,TAS
FRA,TBS
FRA,IKA
FRA,TDX
FRA,TJM
FRA,URA
FRA,URC
FRA,UKK
FRA,WAW
FRA,SVX
FDH,SCO
FDH,AKX
FDH,ALA
FDH,TSE
FDH,GUW
FDH,KGF
FDH,KSN
FDH,KZO
FDH,PWQ
FDH,CIT
FDH,URA
FDH,UKK
FUK,SCO
FUK,AKX
FUK,ALA
FUK,TSE
FUK,GUW
FUK,KGF
FUK,KSN
FUK,KZO
FUK,PWQ
FUK,CIT
FUK,URA
FUK,UKK
GZT,SCO
GZT,AKX
GZT,ALA
GZT,TSE
GZT,GUW
GZT,DEL
GZT,KGF
GZT,KSN
GZT,KZO
GZT,PWQ
GZT,CIT
GZT,URA
GZT,UKK
GVA,SCO
GVA,AKX
GVA,ALA
GVA,TSE
GVA,GUW
GVA,KGF
GVA,KSN
GVA,KZO
GVA,PWQ
GVA,CIT
GVA,URA
GVA,UKK
GLA,SCO
GLA,AKX
GLA,ALA
GLA,TSE
GLA,GUW
GLA,KGF
GLA,KSN
GLA,KZO
GLA,PWQ
GLA,CIT
GLA,URA
GLA,UKK
GOI,SCO
GOI,AKX
GOI,ALA
GOI,TSE
GOI,GUW
GOI,KGF
GOI,KZO
GOI,PWQ
GOI,CIT
GOI,URA
GOI,UKK
GOP,SCO
GOP,AKX
GOP,ALA
GOP,TSE
GOP,GUW
GOP,KGF
GOP,KSN
GOP,KZO
GOP,PWQ
GOP,CIT
GOP,URA
GOP,UKK
LPA,TSE
GRZ,SCO
GRZ,AKX
GRZ,ALA
GRZ,TSE
GRZ,GUW
GRZ,KSN
GRZ,KZO
GRZ,PWQ
GRZ,CIT
GRZ,URA
GRZ,UKK
CAN,SCO
CAN,AKX
CAN,ALA
CAN,TSE
CAN,GUW
CAN,KGF
CAN,KSN
CAN,KZO
CAN,PWQ
CAN,CIT
CAN,URA
CAN,UKK
KWL,SCO
KWL,AKX
KWL,ALA
KWL,TSE
KWL,GUW
KWL,KGF
KWL,KSN
KWL,KZO
KWL,PWQ
KWL,CIT
KWL,URA
KWL,UKK
HAK,SCO
HAK,AKX
HAK,ALA
HAK,TSE
HAK,GUW
HAK,KGF
HAK,KZO
HAK,PWQ
HAK,CIT
HAK,URA
HAK,UKK
HAM,SCO
HAM,AKX
HAM,ALA
HAM,TSE
HAM,GUW
HAM,KGF
HAM,KSN
HAM,KZO
HAM,PWQ
HAM,CIT
HAM,URA
HAM,UKK
HGH,SCO
HGH,AKX
HGH,ALA
HGH,TSE
HGH,GUW
HGH,KGF
HGH,KZO
HGH,PWQ
HGH,CIT
HGH,URA
HGH,UKK
HAN,SCO
HAN,AKX
HAN,ALA
HAN,TSE
HAN,GUW
HAN,KGF
HAN,KSN
HAN,KZO
HAN,PWQ
HAN,CIT
HAN,URA
HAN,UKK
HAJ,SCO
HAJ,AKX
HAJ,ALA
HAJ,TSE
HAJ,GUW
HAJ,KGF
HAJ,KSN
HAJ,KZO
HAJ,OMS
HAJ,PWQ
HAJ,CIT
HAJ,IKA
HAJ,TJM
HAJ,URA
HAJ,UKK
HEL,SCO
HEL,AKX
HEL,ALA
HEL,TSE
HEL,GUW
HEL,KGF
HEL,KSN
HEL,KZO
HEL,PWQ
HEL,CIT
HEL,URA
HEL,UKK
HER,SCO
HER,AKX
HER,ALA
HER,TSE
HER,GUW
HER,KGF
HER,KSN
HER,KZO
HER,PWQ
HER,CIT
HER,URA
HER,UKK
SGN,AUH
SGN,SCO
SGN,AKX
SGN,ALA
SGN,AMS
SGN,TSE
SGN,GUW
SGN,PEK
SGN,DEL
SGN,DXB
SGN,FRA
SGN,IST
SGN,KGF
SGN,KBP
SGN,KSN
SGN,KZO
SGN,LHR
SGN,SVO
SGN,OVB
SGN,OMS
SGN,CDG
SGN,PWQ
SGN,LED
SGN,ICN
SGN,CIT
SGN,TBS
SGN,IKA
SGN,URA
SGN,URC
SGN,UKK
SGN,VIE
HKG,SCO
HKG,AKX
HKG,ALA
HKG,AMS
HKG,AYT
HKG,TSE
HKG,GUW
HKG,GYD
HKG,FRU
HKG,DXB
HKG,FRA
HKG,IST
HKG,KGF
HKG,KZN
HKG,KBP
HKG,KSN
HKG,LHR
HKG,SVO
HKG,OVB
HKG,OMS
HKG,CDG
HKG,PWQ
HKG,LED
HKG,CIT
HKG,TAS
HKG,TBS
HKG,IKA
HKG,TJM
HKG,URA
HKG,UKK
HKG,WAW
HUY,SCO
HUY,AKX
HUY,ALA
HUY,TSE
HUY,GUW
HUY,KGF
HUY,KSN
HUY,KZO
HUY,PWQ
HUY,CIT
HUY,URA
HUY,UKK
HYD,SCO
HYD,AKX
HYD,ALA
HYD,TSE
HYD,GUW
HYD,KGF
HYD,KSN
HYD,KZO
HYD,PWQ
HYD,CIT
HYD,URA
HYD,UKK
IBZ,TSE
IDR,SCO
IDR,AKX
IDR,ALA
IDR,TSE
IDR,GUW
IDR,KGF
IDR,KSN
IDR,KZO
IDR,PWQ
IDR,CIT
IDR,URA
IDR,UKK
INN,SCO
INN,AKX
INN,ALA
INN,TSE
INN,GUW
INN,KSN
INN,KZO
INN,PWQ
INN,CIT
INN,URA
INN,UKK
IKT,SCO
IKT,AKX
IKT,ALA
IKT,TSE
IKT,GUW
IKT,KSN
IKT,KZO
IKT,PWQ
IKT,CIT
IKT,URA
IKT,UKK
IST,AUH
IST,AMD
IST,SCO
IST,AKX
IST,ALA
IST,AMS
IST,AYT
IST,TSE
IST,GUW
IST,GYD
IST,BKK
IST,PEK
IST,FRU
IST,DEL
IST,DYU
IST,FRA
IST,SGN
IST,HKG
IST,KGF
IST,KZN
IST,KBP
IST,USM
IST,KSN
IST,KBV
IST,KUL
IST,KZO
IST,MEL
IST,SVO
IST,OVB
IST,OMS
IST,CDG
IST,PWQ
IST,PER
IST,HKT
IST,LED
IST,ICN
IST,CIT
IST,SIN
IST,TAS
IST,TBS
IST,IKA
IST,TDX
IST,TJM
IST,URA
IST,URC
IST,UKK
IST,WAW
IST,SVX
ADB,SCO
ADB,AKX
ADB,ALA
ADB,TSE
ADB,GUW
ADB,DEL
ADB,KGF
ADB,KSN
ADB,KZO
ADB,PWQ
ADB,CIT
ADB,URA
ADB,UKK
JAI,SCO
JAI,AKX
JAI,ALA
JAI,TSE
JAI,GUW
JAI,KGF
JAI,KZO
JAI,PWQ
JAI,CIT
JAI,URA
JAI,UKK
JKT,SCO
JKT,AKX
JKT,ALA
JKT,TSE
JKT,GUW
JKT,KGF
JKT,KSN
JKT,KZO
JKT,PWQ
JKT,CIT
JKT,URA
JKT,UKK
JED,SCO
JED,AKX
JED,ALA
JED,TSE
JED,GUW
JED,KGF
JED,KSN
JED,KZO
JED,PWQ
JED,CIT
JED,URA
JED,UKK
JDH,SCO
JDH,AKX
JDH,ALA
JDH,TSE
JDH,GUW
JDH,KGF
JDH,KSN
JDH,KZO
JDH,PWQ
JDH,CIT
JDH,URA
JDH,UKK
JNB,SCO
JNB,AKX
JNB,ALA
JNB,TSE
JNB,GUW
JNB,KGF
JNB,KSN
JNB,KZO
JNB,PWQ
JNB,CIT
JNB,URA
JNB,UKK
KOJ,SCO
KOJ,AKX
KOJ,ALA
KOJ,TSE
KOJ,GUW
KOJ,KGF
KOJ,KZO
KOJ,PWQ
KOJ,CIT
KOJ,URA
KOJ,UKK
KHI,SCO
KHI,AKX
KHI,ALA
KHI,TSE
KHI,GUW
KHI,KGF
KHI,KSN
KHI,KZO
KHI,PWQ
KHI,CIT
KHI,URA
KHI,UKK
KGF,ABZ
KGF,AUH
KGF,ADA
KGF,AMD
KGF,SCO
KGF,AKX
KGF,ALY
KGF,ALA
KGF,AMM
KGF,ATQ
KGF,AMS
KGF,AYT
KGF,ASB
KGF,TSE
KGF,ATH
KGF,GUW
KGF,BGW
KGF,BAH
KGF,GYD
KGF,BKK
KGF,BCN
KGF,EAP
KGF,BSR
KGF,PEK
KGF,BEY
KGF,BEG
KGF,BLR
KGF,BGO
KGF,BER
KGF,BHO
KGF,BIO
KGF,BLL
KGF,BHX
KGF,FRU
KGF,BJV
KGF,BLQ
KGF,BOD
KGF,BRE
KGF,BNE
KGF,BRS
KGF,BRU
KGF,OTP
KGF,BUD
KGF,BMV
KGF,CPT
KGF,CWL
KGF,CAS
KGF,CEB
KGF,IXC
KGF,CTU
KGF,MAA
KGF,CNX
KGF,CKG
KGF,CMB
KGF,CPH
KGF,DLI
KGF,DAD
KGF,DMM
KGF,DED
KGF,DEL
KGF,DPS
KGF,DAC
KGF,DIY
KGF,DOH
KGF,DRS
KGF,DXB
KGF,DYU
KGF,DUS
KGF,EDI
KGF,EBL
KGF,FRA
KGF,FDH
KGF,FUK
KGF,GZT
KGF,GVA
KGF,GLA
KGF,GOI
KGF,GOP
KGF,CAN
KGF,KWL
KGF,HAK
KGF,HPH
KGF,HAM
KGF,HGH
KGF,HAN
KGF,HAJ
KGF,HTY
KGF,HEL
KGF,HER
KGF,SGN
KGF,HKG
KGF,HUI
KGF,HUY
KGF,HYD
KGF,IDR
KGF,IST
KGF,ADB
KGF,JAI
KGF,JKT
KGF,JED
KGF,JDH
KGF,JNB
KGF,KBL
KGF,KOJ
KGF,KHI
KGF,KTM
KGF,ASR
KGF,KZN
KGF,KRT
KGF,KBP
KGF,USM
KGF,COK
KGF,CCU
KGF,KSN
KGF,KBV
KGF,KRK
KGF,KUL
KGF,KWI
KGF,KZO
KGF,LGK
KGF,ECN
KGF,IXL
KGF,LEJ
KGF,LIS
KGF,LHR
KGF,LKO
KGF,LWO
KGF,LYS
KGF,MED
KGF,MAD
KGF,AGP
KGF,MLX
KGF,MLE
KGF,MLA
KGF,MAN
KGF,MNL
KGF,MEL
KGF,MIL
KGF,MSQ
KGF,SVO
KGF,BOM
KGF,MUC
KGF,FMO
KGF,MCT
KGF,NGO
KGF,NAL
KGF,NNG
KGF,NHA
KGF,NCE
KGF,OVB
KGF,NUE
KGF,ODS
KGF,OKA
KGF,OMS
KGF,OSA
KGF,KIX
KGF,OSL
KGF,CDG
KGF,PAT
KGF,PWQ
KGF,PER
KGF,PKC
KGF,PNH
KGF,PQC
KGF,HKT
KGF,PXU
KGF,TGD
KGF,OPO
KGF,PRG
KGF,PNQ
KGF,UIH
KGF,QYG
KGF,RPR
KGF,IXR
KGF,RIX
KGF,RUH
KGF,FCO
KGF,ROV
KGF,LED
KGF,SZF
KGF,SYX
KGF,SJJ
KGF,ICN
KGF,SHA
KGF,SHJ
KGF,CIT
KGF,REP
KGF,SIN
KGF,SOF
KGF,SXR
KGF,STO
KGF,STR
KGF,THS
KGF,ISU
KGF,SYD
KGF,TPE
KGF,TAS
KGF,TBS
KGF,IKA
KGF,TLV
KGF,TSN
KGF,TIA
KGF,TYO
KGF,NRT
KGF,HND
KGF,TLS
KGF,TZX
KGF,TDX
KGF,TRV
KGF,TJM
KGF,UDR
KGF,UUD
KGF,URA
KGF,URC
KGF,UKK
KGF,VLC
KGF,VNS
KGF,VAR
KGF,VCE
KGF,VIE
KGF,VNO
KGF,VII
KGF,VVO
KGF,WAW
KGF,XMN
KGF,YKS
KGF,SVX
KGF,EVN
KGF,UUS
KGF,ZAG
KGF,ZRH
KTM,SCO
KTM,AKX
KTM,ALA
KTM,TSE
KTM,GUW
KTM,KGF
KTM,KSN
KTM,KZO
KTM,PWQ
KTM,CIT
KTM,URA
KTM,UKK
KTW,TSE
ASR,SCO
ASR,AKX
ASR,ALA
ASR,TSE
ASR,GUW
ASR,DEL
ASR,KGF
ASR,KSN
ASR,KZO
ASR,PWQ
ASR,CIT
ASR,URA
ASR,UKK
KZN,AUH
KZN,SCO
KZN,AKX
KZN,ALA
KZN,AYT
KZN,TSE
KZN,GUW
KZN,GYD
KZN,BKK
KZN,PEK
KZN,FRU
KZN,DEL
KZN,DXB
KZN,DYU
KZN,FRA
KZN,SGN
KZN,HKG
KZN,IST
KZN,KGF
KZN,KBP
KZN,USM
KZN,KSN
KZN,KBV
KZN,KUL
KZN,KZO
KZN,MEL
KZN,SVO
KZN,OVB
KZN,OMS
KZN,CDG
KZN,PWQ
KZN,PER
KZN,HKT
KZN,LED
KZN,ICN
KZN,CIT
KZN,SIN
KZN,SYD
KZN,TAS
KZN,IKA
KZN,TDX
KZN,TJM
KZN,URA
KZN,URC
KZN,UKK
KZN,WAW
KHV,SCO
KHV,AKX
KHV,ALA
KHV,TSE
KHV,GUW
KHV,KSN
KHV,KZO
KHV,PWQ
KHV,CIT
KHV,URA
KHV,UKK
KRT,SCO
KRT,AKX
KRT,ALA
KRT,TSE
KRT,GUW
KRT,KGF
KRT,KSN
KRT,KZO
KRT,PWQ
KRT,CIT
KRT,URA
KRT,UKK
KBP,AUH
KBP,AMD
KBP,SCO
KBP,AKX
KBP,ALA
KBP,AMS
KBP,AYT
KBP,TSE
KBP,GUW
KBP,GYD
KBP,BKK
KBP,PEK
KBP,FRU
KBP,DEL
KBP,DXB
KBP,DYU
KBP,FRA
KBP,SGN
KBP,HKG
KBP,IST
KBP,KGF
KBP,KZN
KBP,USM
KBP,KSN
KBP,KBV
KBP,KUL
KBP,KZO
KBP,MEL
KBP,SVO
KBP,OVB
KBP,OMS
KBP,PWQ
KBP,HKT
KBP,LED
KBP,ICN
KBP,CIT
KBP,SIN
KBP,SYD
KBP,TAS
KBP,TBS
KBP,IKA
KBP,TDX
KBP,TJM
KBP,URA
KBP,URC
KBP,UKK
KBP,SVX
COK,SCO
COK,AKX
COK,ALA
COK,TSE
COK,GUW
COK,KGF
COK,KSN
COK,KZO
COK,PWQ
COK,CIT
COK,URA
COK,UKK
CCU,SCO
CCU,AKX
CCU,ALA
CCU,TSE
CCU,GUW
CCU,KGF
CCU,KSN
CCU,KZO
CCU,PWQ
CCU,CIT
CCU,URA
CCU,UKK
KSN,ABZ
KSN,AUH
KSN,ADA
KSN,AMD
KSN,SCO
KSN,AKX
KSN,ALA
KSN,AMM
KSN,ATQ
KSN,AMS
KSN,AYT
KSN,ANR
KSN,ASB
KSN,TSE
KSN,ATH
KSN,GUW
KSN,BGW
KSN,BAH
KSN,GYD
KSN,BKK
KSN,BCN
KSN,EAP
KSN,PEK
KSN,BEY
KSN,BEG
KSN,BLR
KSN,BGO
KSN,BER
KSN,BHO
KSN,BIO
KSN,BLL
KSN,BHX
KSN,FRU
KSN,BJV
KSN,BLQ
KSN,BOD
KSN,BRE
KSN,BNE
KSN,BRS
KSN,BRU
KSN,OTP
KSN,BUD
KSN,CPT
KSN,CWL
KSN,CAS
KSN,IXC
KSN,MAA
KSN,CNX
KSN,HTA
KSN,CGN
KSN,CMB
KSN,CPH
KSN,DMM
KSN,DED
KSN,DEL
KSN,DPS
KSN,DAC
KSN,DIY
KSN,DOH
KSN,DRS
KSN,DXB
KSN,DYU
KSN,DUS
KSN,EDI
KSN,EBL
KSN,FRA
KSN,FDH
KSN,FUK
KSN,GZT
KSN,GVA
KSN,GLA
KSN,GOI
KSN,GOP
KSN,GRZ
KSN,CAN
KSN,KWL
KSN,HAM
KSN,HAN
KSN,HAJ
KSN,HTY
KSN,HEL
KSN,HER
KSN,SGN
KSN,HKG
KSN,HUY
KSN,HYD
KSN,IDR
KSN,INN
KSN,IKT
KSN,IST
KSN,ADB
KSN,JKT
KSN,JED
KSN,JDH
KSN,JNB
KSN,KBL
KSN,KHI
KSN,KGF
KSN,KTM
KSN,ASR
KSN,KZN
KSN,KHV
KSN,KRT
KSN,KBP
KSN,USM
KSN,COK
KSN,CCU
KSN,KBV
KSN,KRK
KSN,KUL
KSN,KWI
KSN,KZO
KSN,LGK
KSN,ECN
KSN,IXL
KSN,LEJ
KSN,LNZ
KSN,LIS
KSN,LHR
KSN,LKO
KSN,LWO
KSN,LYS
KSN,MED
KSN,MAD
KSN,GDX
KSN,AGP
KSN,MLX
KSN,MLE
KSN,MLA
KSN,MAN
KSN,MNL
KSN,MRS
KSN,MEL
KSN,MIL
KSN,MSQ
KSN,SVO
KSN,BOM
KSN,MUC
KSN,FMO
KSN,MCT
KSN,NGO
KSN,NAL
KSN,NCE
KSN,OVB
KSN,NUE
KSN,ODS
KSN,OKA
KSN,OMS
KSN,OSA
KSN,KIX
KSN,OSL
KSN,CDG
KSN,PAT
KSN,PWQ
KSN,PER
KSN,PKC
KSN,PNH
KSN,PQC
KSN,HKT
KSN,TGD
KSN,OPO
KSN,PRG
KSN,PNQ
KSN,QYG
KSN,RPR
KSN,IXR
KSN,RIX
KSN,RUH
KSN,FCO
KSN,ROV
KSN,LED
KSN,SZG
KSN,SZF
KSN,SYX
KSN,ICN
KSN,SHA
KSN,SHJ
KSN,CIT
KSN,REP
KSN,SIN
KSN,SOF
KSN,SXR
KSN,STO
KSN,STR
KSN,ISU
KSN,SYD
KSN,TPE
KSN,TAS
KSN,TBS
KSN,IKA
KSN,TLV
KSN,TSN
KSN,TIA
KSN,TYO
KSN,NRT
KSN,HND
KSN,TLS
KSN,TZX
KSN,TDX
KSN,TRV
KSN,TJM
KSN,UDR
KSN,UUD
KSN,URA
KSN,URC
KSN,UKK
KSN,VLC
KSN,VNS
KSN,VAR
KSN,VCE
KSN,VIE
KSN,VNO
KSN,VVO
KSN,WAW
KSN,XMN
KSN,YKS
KSN,SVX
KSN,EVN
KSN,UUS
KSN,ZAG
KSN,ZRH
KRK,SCO
KRK,AKX
KRK,ALA
KRK,TSE
KRK,GUW
KRK,KGF
KRK,KSN
KRK,KZO
KRK,PWQ
KRK,CIT
KRK,URA
KRK,UKK
KUL,AUH
KUL,SCO
KUL,AKX
KUL,ALA
KUL,AYT
KUL,TSE
KUL,GUW
KUL,GYD
KUL,PEK
KUL,FRU
KUL,DXB
KUL,DYU
KUL,SGN
KUL,IST
KUL,KGF
KUL,KZN
KUL,KBP
KUL,KSN
KUL,LHR
KUL,SVO
KUL,OVB
KUL,OMS
KUL,CDG
KUL,PWQ
KUL,LED
KUL,ICN
KUL,CIT
KUL,SYD
KUL,TAS
KUL,TBS
KUL,IKA
KUL,TJM
KUL,URA
KUL,URC
KUL,UKK
KUL,VIE
KUL,WAW
KUL,SVX
KWI,SCO
KWI,AKX
KWI,ALA
KWI,TSE
KWI,GUW
KWI,KGF
KWI,KSN
KWI,KZO
KWI,PWQ
KWI,CIT
KWI,URA
KWI,UKK
KZO,ABZ
KZO,AUH
KZO,ADA
KZO,AMD
KZO,SCO
KZO,AKX
KZO,ALY
KZO,ALA
KZO,AMM
KZO,ATQ
KZO,AMS
KZO,AYT
KZO,ANR
KZO,ASB
KZO,TSE
KZO,ATH
KZO,GUW
KZO,BGW
KZO,BAH
KZO,GYD
KZO,BKK
KZO,BCN
KZO,EAP
KZO,BSR
KZO,PEK
KZO,BEY
KZO,BEG
KZO,BLR
KZO,BGO
KZO,BER
KZO,BHO
KZO,BIO
KZO,BLL
KZO,BHX
KZO,FRU
KZO,BJV
KZO,BLQ
KZO,BOD
KZO,BRE
KZO,BNE
KZO,BRS
KZO,BRU
KZO,OTP
KZO,BUD
KZO,BMV
KZO,CPT
KZO,CWL
KZO,CAS
KZO,CEB
KZO,IXC
KZO,CTU
KZO,MAA
KZO,CNX
KZO,HTA
KZO,CKG
KZO,CGN
KZO,CMB
KZO,CPH
KZO,DLI
KZO,DAD
KZO,DMM
KZO,DED
KZO,DEL
KZO,DPS
KZO,DAC
KZO,DIY
KZO,DOH
KZO,DRS
KZO,DXB
KZO,DYU
KZO,DUS
KZO,EDI
KZO,EBL
KZO,FRA
KZO,FDH
KZO,FUK
KZO,GZT
KZO,GVA
KZO,GLA
KZO,GOI
KZO,GOP
KZO,GRZ
KZO,CAN
KZO,KWL
KZO,HAK
KZO,HPH
KZO,HAM
KZO,HGH
KZO,HAN
KZO,HAJ
KZO,HTY
KZO,HEL
KZO,HER
KZO,SGN
KZO,HKG
KZO,HUI
KZO,HUY
KZO,HYD
KZO,IDR
KZO,INN
KZO,IKT
KZO,IST
KZO,ADB
KZO,JAI
KZO,JKT
KZO,JED
KZO,JDH
KZO,JNB
KZO,KBL
KZO,KOJ
KZO,KHI
KZO,KGF
KZO,KTM
KZO,ASR
KZO,KZN
KZO,KHV
KZO,KRT
KZO,KBP
KZO,USM
KZO,COK
KZO,CCU
KZO,KSN
KZO,KBV
KZO,KRK
KZO,KUL
KZO,KWI
KZO,LGK
KZO,ECN
KZO,IXL
KZO,LEJ
KZO,LNZ
KZO,LIS
KZO,LHR
KZO,LKO
KZO,LWO
KZO,LYS
KZO,MED
KZO,MAD
KZO,GDX
KZO,AGP
KZO,MLX
KZO,MLE
KZO,MLA
KZO,MAN
KZO,MNL
KZO,MRS
KZO,MEL
KZO,MIL
KZO,MSQ
KZO,SVO
KZO,BOM
KZO,MUC
KZO,FMO
KZO,MCT
KZO,NGO
KZO,NAL
KZO,NNG
KZO,NHA
KZO,NCE
KZO,OVB
KZO,NUE
KZO,ODS
KZO,OKA
KZO,OMS
KZO,OSA
KZO,KIX
KZO,OSL
KZO,CDG
KZO,PAT
KZO,PWQ
KZO,PER
KZO,PKC
KZO,PNH
KZO,PQC
KZO,HKT
KZO,PXU
KZO,TGD
KZO,OPO
KZO,PRG
KZO,PNQ
KZO,UIH
KZO,QYG
KZO,RPR
KZO,IXR
KZO,RIX
KZO,RUH
KZO,FCO
KZO,ROV
KZO,LED
KZO,SZG
KZO,SZF
KZO,SYX
KZO,SJJ
KZO,ICN
KZO,SHA
KZO,SHJ
KZO,CIT
KZO,REP
KZO,SIN
KZO,SOF
KZO,SXR
KZO,STO
KZO,STR
KZO,THS
KZO,ISU
KZO,SYD
KZO,TPE
KZO,TAS
KZO,TBS
KZO,IKA
KZO,TLV
KZO,TSN
KZO,TIA
KZO,TYO
KZO,NRT
KZO,HND
KZO,TLS
KZO,TZX
KZO,TDX
KZO,TRV
KZO,TJM
KZO,UDR
KZO,UUD
KZO,URA
KZO,URC
KZO,UKK
KZO,VLC
KZO,VNS
KZO,VAR
KZO,VCE
KZO,VIE
KZO,VNO
KZO,VII
KZO,VVO
KZO,WAW
KZO,XMN
KZO,YKS
KZO,SVX
KZO,EVN
KZO,UUS
KZO,ZAG
KZO,ZRH
LGK,SCO
LGK,AKX
LGK,ALA
LGK,TSE
LGK,GUW
LGK,KGF
LGK,KSN
LGK,KZO
LGK,PWQ
LGK,CIT
LGK,URA
LGK,UKK
ACE,TSE
LBA,SCO
LBA,ALA
LBA,TSE
LBA,GUW
ECN,SCO
ECN,AKX
ECN,ALA
ECN,TSE
ECN,GUW
ECN,KGF
ECN,KSN
ECN,KZO
ECN,PWQ
ECN,CIT
ECN,URA
ECN,UKK
IXL,SCO
IXL,AKX
IXL,ALA
IXL,TSE
IXL,GUW
IXL,KGF
IXL,KSN
IXL,KZO
IXL,PWQ
IXL,CIT
IXL,URA
IXL,UKK
LEJ,SCO
LEJ,AKX
LEJ,ALA
LEJ,TSE
LEJ,GUW
LEJ,KGF
LEJ,KSN
LEJ,KZO
LEJ,PWQ
LEJ,CIT
LEJ,URA
LEJ,UKK
LNZ,SCO
LNZ,AKX
LNZ,ALA
LNZ,TSE
LNZ,GUW
LNZ,KSN
LNZ,KZO
LNZ,PWQ
LNZ,CIT
LNZ,URA
LNZ,UKK
LHR,AUH
LHR,SCO
LHR,AKX
LHR,ALA
LHR,TSE
LHR,GUW
LHR,GYD
LHR,BKK
LHR,PEK
LHR,FRU
LHR,DEL
LHR,DXB
LHR,DYU
LHR,SGN
LHR,HKG
LHR,KGF
LHR,USM
LHR,KSN
LHR,KBV
LHR,KUL
LHR,KZO
LHR,SVO
LHR,OVB
LHR,OMS
LHR,PWQ
LHR,HKT
LHR,ICN
LHR,CIT
LHR,TAS
LHR,IKA
LHR,TDX
LHR,TJM
LHR,URA
LHR,URC
LHR,UKK
LHR,WAW
LHR,SVX
LKO,SCO
LKO,AKX
LKO,ALA
LKO,TSE
LKO,GUW
LKO,KGF
LKO,KSN
LKO,KZO
LKO,PWQ
LKO,CIT
LKO,URA
LKO,UKK
LYS,SCO
LYS,AKX
LYS,ALA
LYS,TSE
LYS,GUW
LYS,KGF
LYS,KSN
LYS,KZO
LYS,PWQ
LYS,CIT
LYS,URA
LYS,URC
LYS,UKK
MED,SCO
MED,AKX
MED,ALA
MED,TSE
MED,GUW
MED,KGF
MED,KSN
MED,KZO
MED,PWQ
MED,CIT
MED,URA
MED,UKK
MAD,SCO
MAD,AKX
MAD,ALA
MAD,TSE
MAD,GUW
MAD,KGF
MAD,KSN
MAD,KZO
MAD,PWQ
MAD,CIT
MAD,URA
MAD,UKK
GDX,SCO
GDX,AKX
GDX,ALA
GDX,TSE
GDX,GUW
GDX,KSN
GDX,KZO
GDX,PWQ
GDX,CIT
GDX,URA
GDX,UKK
AGP,SCO
AGP,AKX
AGP,ALA
AGP,TSE
AGP,GUW
AGP,KGF
AGP,KSN
AGP,KZO
AGP,PWQ
AGP,CIT
AGP,URA
AGP,UKK
MLX,SCO
MLX,AKX
MLX,ALA
MLX,TSE
MLX,GUW
MLX,DEL
MLX,KGF
MLX,KSN
MLX,KZO
MLX,PWQ
MLX,CIT
MLX,URA
MLX,UKK
MLE,SCO
MLE,AKX
MLE,ALA
MLE,TSE
MLE,GUW
MLE,KGF
MLE,KSN
MLE,KZO
MLE,PWQ
MLE,CIT
MLE,URA
MLE,UKK
MAN,SCO
MAN,AKX
MAN,ALA
MAN,TSE
MAN,GUW
MAN,KGF
MAN,KSN
MAN,KZO
MAN,PWQ
MAN,CIT
MAN,URA
MAN,UKK
MNL,SCO
MNL,AKX
MNL,ALA
MNL,TSE
MNL,GUW
MNL,KGF
MNL,KSN
MNL,KZO
MNL,PWQ
MNL,CIT
MNL,URA
MNL,UKK
MRS,SCO
MRS,AKX
MRS,ALA
MRS,TSE
MRS,GUW
MRS,KSN
MRS,KZO
MRS,PWQ
MRS,CIT
MRS,URA
MRS,URC
MRS,UKK
MEL,SCO
MEL,AKX
MEL,ALA
MEL,TSE
MEL,GUW
MEL,GYD
MEL,PEK
MEL,FRU
MEL,DEL
MEL,DXB
MEL,DYU
MEL,FRA
MEL,IST
MEL,KGF
MEL,KZN
MEL,KBP
MEL,KSN
MEL,KZO
MEL,SVO
MEL,LED
MEL,ICN
MEL,TAS
MEL,TBS
MEL,IKA
MEL,URA
MEL,URC
MEL,UKK
MIL,SCO
MIL,AKX
MIL,ALA
MIL,TSE
MIL,GUW
MIL,KGF
MIL,KSN
MIL,KZO
MIL,PWQ
MIL,CIT
MIL,URA
MIL,UKK
SVO,AUH
SVO,SCO
SVO,AKX
SVO,ALA
SVO,AMS
SVO,AYT
SVO,TSE
SVO,GUW
SVO,GYD
SVO,BKK
SVO,PEK
SVO,FRU
SVO,DEL
SVO,DXB
SVO,DYU
SVO,FRA
SVO,SGN
SVO,HKG
SVO,IST
SVO,KGF
SVO,KZN
SVO,KBP
SVO,USM
SVO,KSN
SVO,KBV
SVO,KUL
SVO,KZO
SVO,LHR
SVO,MEL
SVO,OVB
SVO,OMS
SVO,PWQ
SVO,PER
SVO,HKT
SVO,LED
SVO,ICN
SVO,CIT
SVO,SIN
SVO,SYD
SVO,TAS
SVO,TBS
SVO,IKA
SVO,TDX
SVO,TJM
SVO,URA
SVO,URC
SVO,UKK
SVO,WAW
SVO,SVX
BOM,SCO
BOM,AKX
BOM,ALA
BOM,TSE
BOM,GUW
BOM,KGF
BOM,KSN
BOM,KZO
BOM,PWQ
BOM,CIT
BOM,URA
BOM,UKK
MUC,SCO
MUC,AKX
MUC,ALA
MUC,TSE
MUC,GUW
MUC,KGF
MUC,KSN
MUC,KZO
MUC,PWQ
MUC,CIT
MUC,URA
MUC,UKK
FMO,SCO
FMO,AKX
FMO,ALA
FMO,TSE
FMO,GUW
FMO,KGF
FMO,KSN
FMO,KZO
FMO,PWQ
FMO,CIT
FMO,URA
FMO,UKK
MCT,SCO
MCT,AKX
MCT,ALA
MCT,TSE
MCT,GUW
MCT,KGF
MCT,KSN
MCT,KZO
MCT,PWQ
MCT,CIT
MCT,URA
MCT,UKK
NGO,SCO
NGO,AKX
NGO,ALA
NGO,TSE
NGO,GUW
NGO,KGF
NGO,KSN
NGO,KZO
NGO,PWQ
NGO,CIT
NGO,URA
NGO,UKK
NNG,SCO
NNG,AKX
NNG,ALA
NNG,TSE
NNG,GUW
NNG,KGF
NNG,KZO
NNG,PWQ
NNG,CIT
NNG,URA
NNG,UKK
NCL,SCO
NCL,ALA
NCL,TSE
NCL,GUW
NCE,SCO
NCE,AKX
NCE,ALA
NCE,TSE
NCE,GUW
NCE,KGF
NCE,KSN
NCE,KZO
NCE,PWQ
NCE,CIT
NCE,URA
NCE,URC
NCE,UKK
NSK,TSE
NWI,SCO
NWI,ALA
NWI,TSE
NWI,GUW
OVB,AUH
OVB,SCO
OVB,AKX
OVB,ALA
OVB,AMS
OVB,AYT
OVB,TSE
OVB,GUW
OVB,GYD
OVB,BKK
OVB,PEK
OVB,FRU
OVB,DEL
OVB,DXB
OVB,DYU
OVB,FRA
OVB,SGN
OVB,HKG
OVB,IST
OVB,KGF
OVB,KZN
OVB,KBP
OVB,USM
OVB,KSN
OVB,KBV
OVB,KUL
OVB,KZO
OVB,LHR
OVB,SVO
OVB,CDG
OVB,PWQ
OVB,HKT
OVB,QYG
OVB,LED
OVB,ICN
OVB,CIT
OVB,TAS
OVB,TBS
OVB,IKA
OVB,TDX
OVB,TJM
OVB,URA
OVB,URC
OVB,UKK
OVB,WAW
NUE,SCO
NUE,AKX
NUE,ALA
NUE,TSE
NUE,GUW
NUE,KGF
NUE,KSN
NUE,KZO
NUE,PWQ
NUE,CIT
NUE,URA
NUE,UKK
OKA,SCO
OKA,AKX
OKA,ALA
OKA,TSE
OKA,GUW
OKA,KGF
OKA,KSN
OKA,KZO
OKA,PWQ
OKA,CIT
OKA,URA
OKA,UKK
OMS,AUH
OMS,SCO
OMS,AKX
OMS,ALA
OMS,AMS
OMS,AYT
OMS,TSE
OMS,GUW
OMS,GYD
OMS,BKK
OMS,PEK
OMS,FRU
OMS,DEL
OMS,DXB
OMS,DYU
OMS,FRA
OMS,HAJ
OMS,HKG
OMS,IST
OMS,KGF
OMS,KZN
OMS,KBP
OMS,USM
OMS,KBV
OMS,KUL
OMS,KZO
OMS,LHR
OMS,SVO
OMS,CDG
OMS,PWQ
OMS,HKT
OMS,LED
OMS,ICN
OMS,CIT
OMS,TAS
OMS,TBS
OMS,IKA
OMS,TDX
OMS,TJM
OMS,URA
OMS,URC
OMS,UKK
OMS,WAW
OSA,SCO
OSA,AKX
OSA,ALA
OSA,TSE
OSA,GUW
OSA,KGF
OSA,KSN
OSA,KZO
OSA,PWQ
OSA,CIT
OSA,URA
OSA,UKK
KIX,SCO
KIX,AKX
KIX,ALA
KIX,TSE
KIX,GUW
KIX,KGF
KIX,KSN
KIX,KZO
KIX,CIT
KIX,URA
KIX,UKK
OSL,SCO
OSL,AKX
OSL,ALA
OSL,TSE
OSL,GUW
OSL,KGF
OSL,KSN
OSL,KZO
OSL,PWQ
OSL,CIT
OSL,URA
OSL,UKK
PMI,TSE
CDG,AUH
CDG,SCO
CDG,AKX
CDG,ALA
CDG,TSE
CDG,GUW
CDG,GYD
CDG,BKK
CDG,PEK
CDG,FRU
CDG,DEL
CDG,DXB
CDG,DYU
CDG,SGN
CDG,HKG
CDG,IST
CDG,KGF
CDG,KZN
CDG,USM
CDG,KSN
CDG,KBV
CDG,KUL
CDG,KZO
CDG,OVB
CDG,OMS
CDG,PWQ
CDG,HKT
CDG,ICN
CDG,CIT
CDG,TAS
CDG,TBS
CDG,IKA
CDG,TDX
CDG,TJM
CDG,URA
CDG,URC
CDG,UKK
CDG,SVX
PAT,SCO
PAT,AKX
PAT,ALA
PAT,TSE
PAT,GUW
PAT,KGF
PAT,KSN
PAT,KZO
PAT,PWQ
PAT,CIT
PAT,URA
PAT,UKK
PWQ,ABZ
PWQ,AUH
PWQ,ADA
PWQ,AMD
PWQ,SCO
PWQ,AKX
PWQ,ALY
PWQ,ALA
PWQ,AMM
PWQ,ATQ
PWQ,AMS
PWQ,AYT
PWQ,ANR
PWQ,ASB
PWQ,TSE
PWQ,ATH
PWQ,GUW
PWQ,BGW
PWQ,BAH
PWQ,GYD
PWQ,BKK
PWQ,BCN
PWQ,EAP
PWQ,BSR
PWQ,PEK
PWQ,BEY
PWQ,BEG
PWQ,BLR
PWQ,BGO
PWQ,BER
PWQ,BHO
PWQ,BIO
PWQ,BLL
PWQ,BHX
PWQ,FRU
PWQ,BJV
PWQ,BLQ
PWQ,BOD
PWQ,BRE
PWQ,BNE
PWQ,BRS
PWQ,BRU
PWQ,OTP
PWQ,BUD
PWQ,BMV
PWQ,CPT
PWQ,CWL
PWQ,CAS
PWQ,CEB
PWQ,IXC
PWQ,CTU
PWQ,MAA
PWQ,CNX
PWQ,HTA
PWQ,CKG
PWQ,CGN
PWQ,CMB
PWQ,CPH
PWQ,DLI
PWQ,DAD
PWQ,DMM
PWQ,DED
PWQ,DEL
PWQ,DPS
PWQ,DAC
PWQ,DIY
PWQ,DOH
PWQ,DRS
PWQ,DXB
PWQ,DYU
PWQ,DUS
PWQ,EDI
PWQ,EBL
PWQ,FRA
PWQ,FDH
PWQ,FUK
PWQ,GZT
PWQ,GVA
PWQ,GLA
PWQ,GOI
PWQ,GOP
PWQ,GRZ
PWQ,CAN
PWQ,KWL
PWQ,HAK
PWQ,HPH
PWQ,HAM
PWQ,HGH
PWQ,HAN
PWQ,HAJ
PWQ,HTY
PWQ,HEL
PWQ,HER
PWQ,SGN
PWQ,HKG
PWQ,HUI
PWQ,HUY
PWQ,HYD
PWQ,IDR
PWQ,INN
PWQ,IKT
PWQ,IST
PWQ,ADB
PWQ,JAI
PWQ,JKT
PWQ,JED
PWQ,JDH
PWQ,JNB
PWQ,KBL
PWQ,KOJ
PWQ,KHI
PWQ,KGF
PWQ,KTM
PWQ,ASR
PWQ,KZN
PWQ,KHV
PWQ,KRT
PWQ,KBP
PWQ,USM
PWQ,COK
PWQ,CCU
PWQ,KSN
PWQ,KBV
PWQ,KRK
PWQ,KUL
PWQ,KWI
PWQ,KZO
PWQ,LGK
PWQ,ECN
PWQ,IXL
PWQ,LEJ
PWQ,LNZ
PWQ,LIS
PWQ,LHR
PWQ,LKO
PWQ,LWO
PWQ,LYS
PWQ,MED
PWQ,MAD
PWQ,GDX
PWQ,AGP
PWQ,MLX
PWQ,MLE
PWQ,MLA
PWQ,MAN
PWQ,MNL
PWQ,MRS
PWQ,MIL
PWQ,MSQ
PWQ,SVO
PWQ,BOM
PWQ,MUC
PWQ,FMO
PWQ,MCT
PWQ,NGO
PWQ,NAL
PWQ,NNG
PWQ,NHA
PWQ,NCE
PWQ,OVB
PWQ,NUE
PWQ,ODS
PWQ,OKA
PWQ,OMS
PWQ,OSA
PWQ,OSL
PWQ,CDG
PWQ,PAT
PWQ,PKC
PWQ,PNH
PWQ,PQC
PWQ,HKT
PWQ,PXU
PWQ,TGD
PWQ,OPO
PWQ,PRG
PWQ,PNQ
PWQ,UIH
PWQ,QYG
PWQ,RPR
PWQ,IXR
PWQ,RIX
PWQ,RUH
PWQ,FCO
PWQ,ROV
PWQ,LED
PWQ,SZG
PWQ,SZF
PWQ,SYX
PWQ,SJJ
PWQ,ICN
PWQ,SHA
PWQ,SHJ
PWQ,CIT
PWQ,REP
PWQ,SIN
PWQ,SOF
PWQ,SXR
PWQ,STO
PWQ,STR
PWQ,THS
PWQ,ISU
PWQ,SYD
PWQ,TPE
PWQ,TAS
PWQ,TBS
PWQ,IKA
PWQ,TLV
PWQ,TSN
PWQ,TIA
PWQ,TYO
PWQ,NRT
PWQ,HND
PWQ,TLS
PWQ,TZX
PWQ,TDX
PWQ,TRV
PWQ,TJM
PWQ,UDR
PWQ,UUD
PWQ,URA
PWQ,URC
PWQ,UKK
PWQ,VLC
PWQ,VNS
PWQ,VAR
PWQ,VCE
PWQ,VIE
PWQ,VNO
PWQ,VII
PWQ,VVO
PWQ,WAW
PWQ,XMN
PWQ,YKS
PWQ,SVX
PWQ,EVN
PWQ,UUS
PWQ,ZAG
PWQ,ZRH
PER,SCO
PER,ALA
PER,TSE
PER,GUW
PER,GYD
PER,BKK
PER,PEK
PER,FRU
PER,DXB
PER,DYU
PER,FRA
PER,IST
PER,KGF
PER,KZN
PER,KBP
PER,KSN
PER,KZO
PER,SVO
PER,LED
PER,ICN
PER,TAS
PER,TBS
PER,IKA
PER,URA
PER,URC
PER,UKK
PKC,SCO
PKC,AKX
PKC,ALA
PKC,TSE
PKC,GUW
PKC,KGF
PKC,KSN
PKC,KZO
PKC,PWQ
PKC,CIT
PKC,URA
PKC,UKK
PQC,SCO
PQC,AKX
PQC,ALA
PQC,TSE
PQC,GUW
PQC,KGF
PQC,KSN
PQC,KZO
PQC,PWQ
PQC,CIT
PQC,URA
PQC,UKK
TGD,SCO
TGD,AKX
TGD,ALA
TGD,TSE
TGD,GUW
TGD,KGF
TGD,KSN
TGD,KZO
TGD,PWQ
TGD,CIT
TGD,URA
TGD,UKK
OPO,SCO
OPO,AKX
OPO,ALA
OPO,TSE
OPO,GUW
OPO,KGF
OPO,KSN
OPO,KZO
OPO,PWQ
OPO,CIT
OPO,URA
OPO,UKK
PRG,SCO
PRG,AKX
PRG,ALA
PRG,TSE
PRG,GUW
PRG,KGF
PRG,KSN
PRG,KZO
PRG,PWQ
PRG,CIT
PRG,URA
PRG,UKK
PNQ,SCO
PNQ,AKX
PNQ,ALA
PNQ,TSE
PNQ,GUW
PNQ,KGF
PNQ,KSN
PNQ,KZO
PNQ,PWQ
PNQ,CIT
PNQ,URA
PNQ,UKK
QYG,SCO
QYG,AKX
QYG,ALA
QYG,TSE
QYG,GUW
QYG,BKK
QYG,FRU
QYG,KGF
QYG,KSN
QYG,KZO
QYG,OVB
QYG,PWQ
QYG,CIT
QYG,URA
QYG,URC
QYG,UKK
QYG,SVX
RPR,SCO
RPR,AKX
RPR,ALA
RPR,TSE
RPR,GUW
RPR,KGF
RPR,KSN
RPR,KZO
RPR,PWQ
RPR,CIT
RPR,URA
RPR,UKK
IXR,SCO
IXR,AKX
IXR,ALA
IXR,TSE
IXR,GUW
IXR,KGF
IXR,KSN
IXR,KZO
IXR,PWQ
IXR,CIT
IXR,URA
IXR,UKK
RIX,SCO
RIX,AKX
RIX,ALA
RIX,TSE
RIX,GUW
RIX,KGF
RIX,KSN
RIX,KZO
RIX,PWQ
RIX,CIT
RIX,URA
RIX,UKK
RUH,SCO
RUH,AKX
RUH,ALA
RUH,TSE
RUH,GUW
RUH,KGF
RUH,KSN
RUH,KZO
RUH,PWQ
RUH,CIT
RUH,URA
RUH,UKK
FCO,SCO
FCO,AKX
FCO,ALA
FCO,TSE
FCO,GUW
FCO,KGF
FCO,KSN
FCO,KZO
FCO,PWQ
FCO,CIT
FCO,URA
FCO,UKK
ROV,SCO
ROV,AKX
ROV,ALA
ROV,TSE
ROV,GUW
ROV,KGF
ROV,KSN
ROV,KZO
ROV,PWQ
ROV,CIT
ROV,URA
ROV,UKK
LED,AUH
LED,SCO
LED,AKX
LED,ALA
LED,AMS
LED,AYT
LED,TSE
LED,GUW
LED,GYD
LED,BKK
LED,PEK
LED,FRU
LED,DEL
LED,DXB
LED,DYU
LED,FRA
LED,SGN
LED,HKG
LED,IST
LED,KGF
LED,KZN
LED,KBP
LED,USM
LED,KSN
LED,KBV
LED,KUL
LED,KZO
LED,MEL
LED,SVO
LED,OVB
LED,PWQ
LED,PER
LED,HKT
LED,ICN
LED,CIT
LED,SIN
LED,SYD
LED,TAS
LED,TBS
LED,IKA
LED,TDX
LED,TJM
LED,URA
LED,URC
LED,UKK
LED,WAW
LED,SVX
SZG,SCO
SZG,AKX
SZG,ALA
SZG,TSE
SZG,GUW
SZG,KSN
SZG,KZO
SZG,PWQ
SZG,CIT
SZG,URA
SZG,UKK
SYX,SCO
SYX,AKX
SYX,ALA
SYX,TSE
SYX,GUW
SYX,KGF
SYX,KSN
SYX,KZO
SYX,PWQ
SYX,CIT
SYX,URA
SYX,UKK
SJJ,SCO
SJJ,AKX
SJJ,ALA
SJJ,TSE
SJJ,GUW
SJJ,KGF
SJJ,KZO
SJJ,PWQ
SJJ,CIT
SJJ,URA
SJJ,UKK
ICN,AUH
ICN,SCO
ICN,AKX
ICN,ALA
ICN,AMS
ICN,AYT
ICN,TSE
ICN,GUW
ICN,GYD
ICN,BKK
ICN,PEK
ICN,FRU
ICN,DEL
ICN,DXB
ICN,DYU
ICN,FRA
ICN,SGN
ICN,IST
ICN,KGF
ICN,KBP
ICN,KSN
ICN,KUL
ICN,KZO
ICN,LHR
ICN,MEL
ICN,SVO
ICN,OVB
ICN,OMS
ICN,CDG
ICN,PWQ
ICN,PER
ICN,LED
ICN,CIT
ICN,SIN
ICN,SYD
ICN,TAS
ICN,TBS
ICN,IKA
ICN,TJM
ICN,URA
ICN,URC
ICN,UKK
ICN,WAW
ICN,SVX
SHA,SCO
SHA,AKX
SHA,ALA
SHA,TSE
SHA,GUW
SHA,KGF
SHA,KSN
SHA,KZO
SHA,PWQ
SHA,CIT
SHA,URA
SHA,UKK
SHJ,SCO
SHJ,AKX
SHJ,ALA
SHJ,TSE
SHJ,GUW
SHJ,KGF
SHJ,KSN
SHJ,KZO
SHJ,PWQ
SHJ,CIT
SHJ,URA
SHJ,UKK
CIT,ABZ
CIT,AUH
CIT,ADA
CIT,AMD
CIT,SCO
CIT,AKX
CIT,ALY
CIT,ALA
CIT,AMM
CIT,ATQ
CIT,AMS
CIT,AYT
CIT,ANR
CIT,ASB
CIT,TSE
CIT,ATH
CIT,GUW
CIT,BGW
CIT,BAH
CIT,GYD
CIT,BKK
CIT,EAP
CIT,BSR
CIT,PEK
CIT,BEY
CIT,BEG
CIT,BLR
CIT,BGO
CIT,BHO
CIT,BIO
CIT,BLL
CIT,BHX
CIT,FRU
CIT,BJV
CIT,BLQ
CIT,BOD
CIT,BRE
CIT,BNE
CIT,BRS
CIT,BRU
CIT,OTP
CIT,BUD
CIT,BMV
CIT,CPT
CIT,CWL
CIT,CAS
CIT,CEB
CIT,IXC
CIT,CTU
CIT,MAA
CIT,CNX
CIT,HTA
CIT,CKG
CIT,CGN
CIT,CMB
CIT,CPH
CIT,DLI
CIT,DAD
CIT,DMM
CIT,DED
CIT,DEL
CIT,DPS
CIT,DAC
CIT,DIY
CIT,DOH
CIT,DRS
CIT,DXB
CIT,DYU
CIT,DUS
CIT,EDI
CIT,EBL
CIT,FRA
CIT,FDH
CIT,FUK
CIT,GZT
CIT,GVA
CIT,GLA
CIT,GOI
CIT,GOP
CIT,GRZ
CIT,KWL
CIT,HAK
CIT,HPH
CIT,HAM
CIT,HGH
CIT,HAN
CIT,HAJ
CIT,HTY
CIT,HEL
CIT,HER
CIT,SGN
CIT,HKG
CIT,HUI
CIT,HUY
CIT,HYD
CIT,IDR
CIT,INN
CIT,IKT
CIT,IST
CIT,JAI
CIT,JKT
CIT,JED
CIT,JDH
CIT,JNB
CIT,KBL
CIT,KOJ
CIT,KHI
CIT,KGF
CIT,KTM
CIT,ASR
CIT,KZN
CIT,KHV
CIT,KRT
CIT,KBP
CIT,USM
CIT,COK
CIT,CCU
CIT,KSN
CIT,KBV
CIT,KRK
CIT,KUL
CIT,KWI
CIT,KZO
CIT,LGK
CIT,ECN
CIT,IXL
CIT,LEJ
CIT,LNZ
CIT,LIS
CIT,LHR
CIT,LKO
CIT,LWO
CIT,LYS
CIT,MED
CIT,GDX
CIT,AGP
CIT,MLX
CIT,MLE
CIT,MLA
CIT,MNL
CIT,MRS
CIT,MIL
CIT,MSQ
CIT,SVO
CIT,BOM
CIT,FMO
CIT,MCT
CIT,NGO
CIT,NAL
CIT,NNG
CIT,NHA
CIT,NCE
CIT,OVB
CIT,NUE
CIT,ODS
CIT,OKA
CIT,OMS
CIT,OSA
CIT,KIX
CIT,OSL
CIT,CDG
CIT,PAT
CIT,PWQ
CIT,PKC
CIT,PNH
CIT,PQC
CIT,HKT
CIT,PXU
CIT,TGD
CIT,OPO
CIT,PRG
CIT,PNQ
CIT,UIH
CIT,QYG
CIT,RPR
CIT,IXR
CIT,RIX
CIT,RUH
CIT,FCO
CIT,ROV
CIT,LED
CIT,SZG
CIT,SZF
CIT,SYX
CIT,SJJ
CIT,ICN
CIT,SHA
CIT,SHJ
CIT,REP
CIT,SIN
CIT,SOF
CIT,SXR
CIT,STO
CIT,STR
CIT,THS
CIT,ISU
CIT,SYD
CIT,TPE
CIT,TAS
CIT,TBS
CIT,IKA
CIT,TLV
CIT,TSN
CIT,TIA
CIT,TYO
CIT,NRT
CIT,HND
CIT,TLS
CIT,TZX
CIT,TDX
CIT,TRV
CIT,TJM
CIT,UDR
CIT,UUD
CIT,URA
CIT,URC
CIT,UKK
CIT,VLC
CIT,VNS
CIT,VAR
CIT,VCE
CIT,VIE
CIT,VNO
CIT,VII
CIT,VVO
CIT,WAW
CIT,XMN
CIT,YKS
CIT,SVX
CIT,EVN
CIT,UUS
CIT,ZAG
CIT,ZRH
SIN,SCO
SIN,AKX
SIN,ALA
SIN,TSE
SIN,GUW
SIN,GYD
SIN,BKK
SIN,PEK
SIN,FRU
SIN,DEL
SIN,DXB
SIN,DYU
SIN,FRA
SIN,IST
SIN,KGF
SIN,KZN
SIN,KBP
SIN,KSN
SIN,KZO
SIN,SVO
SIN,PWQ
SIN,LED
SIN,ICN
SIN,CIT
SIN,TAS
SIN,TBS
SIN,IKA
SIN,URA
SIN,URC
SIN,UKK
SOF,SCO
SOF,AKX
SOF,ALA
SOF,TSE
SOF,GUW
SOF,KGF
SOF,KSN
SOF,KZO
SOF,PWQ
SOF,CIT
SOF,URA
SOF,UKK
SXR,SCO
SXR,AKX
SXR,ALA
SXR,TSE
SXR,GUW
SXR,KGF
SXR,KSN
SXR,KZO
SXR,PWQ
SXR,CIT
SXR,URA
SXR,UKK
SVG,SCO
SVG,ALA
SVG,TSE
SVG,GUW
STO,SCO
STO,AKX
STO,ALA
STO,TSE
STO,GUW
STO,KGF
STO,KSN
STO,KZO
STO,PWQ
STO,CIT
STO,URA
STO,UKK
STR,SCO
STR,AKX
STR,ALA
STR,TSE
STR,GUW
STR,KGF
STR,KSN
STR,KZO
STR,PWQ
STR,CIT
STR,URA
STR,UKK
ISU,SCO
ISU,AKX
ISU,ALA
ISU,TSE
ISU,GUW
ISU,KGF
ISU,KSN
ISU,KZO
ISU,PWQ
ISU,CIT
ISU,URA
ISU,UKK
SYD,SCO
SYD,AKX
SYD,ALA
SYD,TSE
SYD,GUW
SYD,GYD
SYD,BKK
SYD,PEK
SYD,FRU
SYD,DEL
SYD,DXB
SYD,DYU
SYD,FRA
SYD,IST
SYD,KGF
SYD,KZN
SYD,KBP
SYD,KSN
SYD,KUL
SYD,KZO
SYD,SVO
SYD,LED
SYD,ICN
SYD,TAS
SYD,TBS
SYD,IKA
SYD,URA
SYD,URC
SYD,UKK
TPE,SCO
TPE,AKX
TPE,ALA
TPE,TSE
TPE,GUW
TPE,KGF
TPE,KSN
TPE,KZO
TPE,PWQ
TPE,CIT
TPE,URA
TPE,UKK
TLL,ALA
TLL,TSE
TAS,AUH
TAS,SCO
TAS,AKX
TAS,ALA
TAS,AMS
TAS,AYT
TAS,TSE
TAS,GUW
TAS,GYD
TAS,BKK
TAS,PEK
TAS,FRU
TAS,DEL
TAS,DXB
TAS,DYU
TAS,FRA
TAS,SGN
TAS,HKG
TAS,IST
TAS,KGF
TAS,KZN
TAS,KBP
TAS,KSN
TAS,KUL
TAS,KZO
TAS,LHR
TAS,MEL
TAS,SVO
TAS,OVB
TAS,OMS
TAS,CDG
TAS,PWQ
TAS,PER
TAS,LED
TAS,ICN
TAS,CIT
TAS,SIN
TAS,SYD
TAS,TBS
TAS,IKA
TAS,TDX
TAS,TJM
TAS,URA
TAS,URC
TAS,UKK
TAS,VIE
TAS,WAW
TAS,SVX
TBS,AUH
TBS,SCO
TBS,AKX
TBS,ALA
TBS,AMS
TBS,TSE
TBS,GUW
TBS,GYD
TBS,BKK
TBS,PEK
TBS,FRU
TBS,MAA
TBS,DEL
TBS,DXB
TBS,DYU
TBS,FRA
TBS,SGN
TBS,HKG
TBS,IST
TBS,KGF
TBS,KBP
TBS,KSN
TBS,KUL
TBS,KZO
TBS,LHR
TBS,MEL
TBS,SVO
TBS,OVB
TBS,OMS
TBS,CDG
TBS,PWQ
TBS,PER
TBS,LED
TBS,ICN
TBS,CIT
TBS,SIN
TBS,SYD
TBS,TAS
TBS,IKA
TBS,TDX
TBS,TJM
TBS,URA
TBS,URC
TBS,UKK
TBS,WAW
TBS,SVX
IKA,AUH
IKA,SCO
IKA,AKX
IKA,ALA
IKA,AMS
IKA,AYT
IKA,TSE
IKA,GUW
IKA,GYD
IKA,BKK
IKA,PEK
IKA,FRU
IKA,DEL
IKA,DXB
IKA,DYU
IKA,FRA
IKA,HAJ
IKA,SGN
IKA,HKG
IKA,IST
IKA,KGF
IKA,KZN
IKA,KBP
IKA,KSN
IKA,KUL
IKA,KZO
IKA,LHR
IKA,MEL
IKA,SVO
IKA,OVB
IKA,OMS
IKA,CDG
IKA,PWQ
IKA,PER
IKA,LED
IKA,ICN
IKA,CIT
IKA,SIN
IKA,SYD
IKA,TAS
IKA,TBS
IKA,TJM
IKA,URA
IKA,URC
IKA,UKK
IKA,SVX
TLV,SCO
TLV,AKX
TLV,ALA
TLV,TSE
TLV,GUW
TLV,KGF
TLV,KSN
TLV,KZO
TLV,PWQ
TLV,CIT
TLV,URA
TLV,UKK
TCI,TSE
TSN,SCO
TSN,AKX
TSN,ALA
TSN,TSE
TSN,GUW
TSN,KGF
TSN,KSN
TSN,KZO
TSN,PWQ
TSN,CIT
TSN,URA
TSN,UKK
TIA,SCO
TIA,AKX
TIA,ALA
TIA,TSE
TIA,GUW
TIA,KGF
TIA,KSN
TIA,KZO
TIA,PWQ
TIA,CIT
TIA,URA
TIA,UKK
TYO,SCO
TYO,AKX
TYO,ALA
TYO,TSE
TYO,GUW
TYO,KGF
TYO,KSN
TYO,KZO
TYO,PWQ
TYO,CIT
TYO,URA
TYO,UKK
NRT,SCO
NRT,AKX
NRT,ALA
NRT,TSE
NRT,GUW
NRT,KGF
NRT,KSN
NRT,KZO
NRT,PWQ
NRT,CIT
NRT,URA
NRT,UKK
HND,SCO
HND,AKX
HND,ALA
HND,TSE
HND,GUW
HND,KGF
HND,KSN
HND,KZO
HND,PWQ
HND,CIT
HND,URA
HND,UKK
TLS,SCO
TLS,AKX
TLS,ALA
TLS,TSE
TLS,GUW
TLS,KGF
TLS,KSN
TLS,KZO
TLS,PWQ
TLS,CIT
TLS,URA
TLS,URC
TLS,UKK
TZX,SCO
TZX,AKX
TZX,ALA
TZX,TSE
TZX,GUW
TZX,DEL
TZX,KGF
TZX,KSN
TZX,KZO
TZX,PWQ
TZX,CIT
TZX,URA
TZX,UKK
TRV,SCO
TRV,AKX
TRV,ALA
TRV,TSE
TRV,GUW
TRV,KGF
TRV,KSN
TRV,KZO
TRV,PWQ
TRV,CIT
TRV,URA
TRV,UKK
TJM,SCO
TJM,AKX
TJM,ALA
TJM,AMS
TJM,AYT
TJM,TSE
TJM,GUW
TJM,GYD
TJM,BKK
TJM,PEK
TJM,FRU
TJM,DEL
TJM,DXB
TJM,DYU
TJM,FRA
TJM,HAJ
TJM,HKG
TJM,IST
TJM,KGF
TJM,KZN
TJM,KBP
TJM,KSN
TJM,KUL
TJM,KZO
TJM,LHR
TJM,OVB
TJM,OMS
TJM,PWQ
TJM,LED
TJM,ICN
TJM,CIT
TJM,TAS
TJM,TBS
TJM,IKA
TJM,URA
TJM,URC
TJM,UKK
TJM,SVX
UDR,SCO
UDR,AKX
UDR,ALA
UDR,TSE
UDR,GUW
UDR,KGF
UDR,KSN
UDR,KZO
UDR,PWQ
UDR,CIT
UDR,URA
UDR,UKK
UUD,SCO
UUD,AKX
UUD,ALA
UUD,TSE
UUD,GUW
UUD,KGF
UUD,KSN
UUD,KZO
UUD,PWQ
UUD,CIT
UUD,URA
UUD,UKK
URA,ABZ
URA,AUH
URA,ADA
URA,AMD
URA,SCO
URA,ALY
URA,ALA
URA,AMM
URA,ATQ
URA,AMS
URA,AYT
URA,ANR
URA,ASB
URA,TSE
URA,ATH
URA,GUW
URA,BGW
URA,BAH
URA,GYD
URA,BKK
URA,BCN
URA,BRI
URA,EAP
URA,BSR
URA,PEK
URA,BEY
URA,BEG
URA,BLR
URA,BGO
URA,BER
URA,BHO
URA,BIO
URA,BLL
URA,BHX
URA,FRU
URA,BJV
URA,BLQ
URA,BOD
URA,BRE
URA,BDS
URA,BNE
URA,BRS
URA,BRU
URA,OTP
URA,BUD
URA,BMV
URA,CPT
URA,CWL
URA,CAS
URA,CEB
URA,IXC
URA,CTU
URA,MAA
URA,CNX
URA,HTA
URA,CKG
URA,CGN
URA,CMB
URA,CPH
URA,DLI
URA,DAD
URA,DMM
URA,DED
URA,DEL
URA,DPS
URA,DAC
URA,DIY
URA,DOH
URA,DRS
URA,DXB
URA,DYU
URA,DUS
URA,EDI
URA,EBL
URA,FRA
URA,FDH
URA,FUK
URA,GZT
URA,GVA
URA,GLA
URA,GOI
URA,GOP
URA,GRZ
URA,CAN
URA,KWL
URA,HAK
URA,HPH
URA,HAM
URA,HGH
URA,HAN
URA,HAJ
URA,HTY
URA,HEL
URA,HER
URA,SGN
URA,HKG
URA,HUI
URA,HUY
URA,HYD
URA,IDR
URA,INN
URA,IKT
URA,IST
URA,ADB
URA,JAI
URA,JKT
URA,JED
URA,JDH
URA,JNB
URA,KBL
URA,KOJ
URA,KHI
URA,KGF
URA,KTM
URA,ASR
URA,KZN
URA,KHV
URA,KRT
URA,KBP
URA,USM
URA,COK
URA,CCU
URA,KSN
URA,KBV
URA,KRK
URA,KUL
URA,KWI
URA,KZO
URA,LGK
URA,ECN
URA,IXL
URA,LEJ
URA,LNZ
URA,LIS
URA,LHR
URA,LKO
URA,LWO
URA,LYS
URA,MED
URA,MAD
URA,GDX
URA,AGP
URA,MLX
URA,MLE
URA,MLA
URA,MAN
URA,MNL
URA,MRS
URA,MEL
URA,MIL
URA,MSQ
URA,SVO
URA,BOM
URA,MUC
URA,FMO
URA,MCT
URA,NGO
URA,NAL
URA,NNG
URA,NHA
URA,NCE
URA,OVB
URA,NUE
URA,ODS
URA,OKA
URA,OMS
URA,OSA
URA,KIX
URA,OSL
URA,CDG
URA,PAT
URA,PWQ
URA,PER
URA,PKC
URA,PNH
URA,PQC
URA,HKT
URA,PXU
URA,TGD
URA,OPO
URA,PRG
URA,PNQ
URA,UIH
URA,QYG
URA,RPR
URA,IXR
URA,RIX
URA,RUH
URA,FCO
URA,ROV
URA,LED
URA,SZG
URA,SZF
URA,SYX
URA,SJJ
URA,ICN
URA,SHA
URA,SHJ
URA,CIT
URA,REP
URA,SIN
URA,SOF
URA,SXR
URA,STO
URA,STR
URA,THS
URA,ISU
URA,SYD
URA,TPE
URA,TAS
URA,TBS
URA,IKA
URA,TLV
URA,TSN
URA,TIA
URA,TYO
URA,NRT
URA,HND
URA,TLS
URA,TZX
URA,TDX
URA,TRV
URA,TJM
URA,UDR
URA,UUD
URA,URC
URA,UKK
URA,VLC
URA,VNS
URA,VAR
URA,VCE
URA,VIE
URA,VNO
URA,VII
URA,VVO
URA,WAW
URA,XMN
URA,YKS
URA,SVX
URA,EVN
URA,UUS
URA,ZAG
URA,ZRH
URC,AUH
URC,SCO
URC,AKX
URC,ALA
URC,AMS
URC,AYT
URC,TSE
URC,GUW
URC,GYD
URC,BKK
URC,PEK
URC,FRU
URC,DEL
URC,DXB
URC,DYU
URC,FRA
URC,IST
URC,KGF
URC,KZN
URC,KBP
URC,KSN
URC,KUL
URC,KZO
URC,LHR
URC,MEL
URC,SVO
URC,OVB
URC,OMS
URC,CDG
URC,PWQ
URC,PER
URC,QYG
URC,LED
URC,ICN
URC,CIT
URC,SIN
URC,SYD
URC,TAS
URC,TBS
URC,IKA
URC,TDX
URC,TJM
URC,URA
URC,UKK
URC,VIE
URC,WAW
URC,SVX
UKK,ABZ
UKK,AUH
UKK,ADA
UKK,AMD
UKK,SCO
UKK,AKX
UKK,ALY
UKK,ALA
UKK,AMM
UKK,ATQ
UKK,AMS
UKK,AYT
UKK,ANR
UKK,ASB
UKK,TSE
UKK,ATH
UKK,GUW
UKK,BGW
UKK,BAH
UKK,GYD
UKK,BKK
UKK,BCN
UKK,EAP
UKK,BSR
UKK,PEK
UKK,BEY
UKK,BEG
UKK,BLR
UKK,BGO
UKK,BER
UKK,BHO
UKK,BIO
UKK,BLL
UKK,BHX
UKK,FRU
UKK,BJV
UKK,BLQ
UKK,BOD
UKK,BRE
UKK,BNE
UKK,BRS
UKK,BRU
UKK,OTP
UKK,BUD
UKK,BMV
UKK,CPT
UKK,CWL
UKK,CAS
UKK,CEB
UKK,IXC
UKK,CTU
UKK,MAA
UKK,CNX
UKK,HTA
UKK,CKG
UKK,CGN
UKK,CMB
UKK,CPH
UKK,DLI
UKK,DAD
UKK,DMM
UKK,DED
UKK,DEL
UKK,DPS
UKK,DAC
UKK,DIY
UKK,DOH
UKK,DRS
UKK,DXB
UKK,DYU
UKK,DUS
UKK,EDI
UKK,EBL
UKK,FRA
UKK,FDH
UKK,FUK
UKK,GZT
UKK,GVA
UKK,GLA
UKK,GOI
UKK,GOP
UKK,GRZ
UKK,CAN
UKK,KWL
UKK,HAK
UKK,HPH
UKK,HAM
UKK,HGH
UKK,HAN
UKK,HAJ
UKK,HTY
UKK,HEL
UKK,HER
UKK,SGN
UKK,HKG
UKK,HUI
UKK,HUY
UKK,HYD
UKK,IDR
UKK,INN
UKK,IKT
UKK,IST
UKK,ADB
UKK,JAI
UKK,JKT
UKK,JED
UKK,JDH
UKK,JNB
UKK,KBL
UKK,KOJ
UKK,KHI
UKK,KGF
UKK,KTM
UKK,ASR
UKK,KZN
UKK,KHV
UKK,KRT
UKK,KBP
UKK,USM
UKK,COK
UKK,CCU
UKK,KSN
UKK,KBV
UKK,KRK
UKK,KUL
UKK,KWI
UKK,KZO
UKK,LGK
UKK,ECN
UKK,IXL
UKK,LEJ
UKK,LNZ
UKK,LIS
UKK,LHR
UKK,LKO
UKK,LWO
UKK,LYS
UKK,MED
UKK,MAD
UKK,GDX
UKK,AGP
UKK,MLX
UKK,MLE
UKK,MLA
UKK,MAN
UKK,MNL
UKK,MRS
UKK,MEL
UKK,MIL
UKK,MSQ
UKK,SVO
UKK,BOM
UKK,MUC
UKK,FMO
UKK,MCT
UKK,NGO
UKK,NAL
UKK,NNG
UKK,NHA
UKK,NCE
UKK,OVB
UKK,NUE
UKK,ODS
UKK,OKA
UKK,OMS
UKK,OSA
UKK,KIX
UKK,OSL
UKK,CDG
UKK,PAT
UKK,PWQ
UKK,PER
UKK,PKC
UKK,PNH
UKK,PQC
UKK,HKT
UKK,PXU
UKK,TGD
UKK,OPO
UKK,PRG
UKK,PNQ
UKK,UIH
UKK,QYG
UKK,RPR
UKK,IXR
UKK,RIX
UKK,RUH
UKK,FCO
UKK,ROV
UKK,LED
UKK,SZG
UKK,SZF
UKK,SYX
UKK,SJJ
UKK,ICN
UKK,SHA
UKK,SHJ
UKK,CIT
UKK,REP
UKK,SIN
UKK,SOF
UKK,SXR
UKK,STO
UKK,STR
UKK,THS
UKK,ISU
UKK,SYD
UKK,TPE
UKK,TAS
UKK,TBS
UKK,IKA
UKK,TLV
UKK,TSN
UKK,TIA
UKK,TYO
UKK,NRT
UKK,HND
UKK,TLS
UKK,TZX
UKK,TDX
UKK,TRV
UKK,TJM
UKK,UDR
UKK,UUD
UKK,URA
UKK,URC
UKK,VLC
UKK,VNS
UKK,VAR
UKK,VCE
UKK,VIE
UKK,VNO
UKK,VII
UKK,VVO
UKK,WAW
UKK,XMN
UKK,YKS
UKK,SVX
UKK,EVN
UKK,UUS
UKK,ZAG
UKK,ZRH
VLC,SCO
VLC,AKX
VLC,ALA
VLC,TSE
VLC,GUW
VLC,KGF
VLC,KSN
VLC,KZO
VLC,PWQ
VLC,CIT
VLC,URA
VLC,UKK
VNS,SCO
VNS,AKX
VNS,ALA
VNS,TSE
VNS,GUW
VNS,KGF
VNS,KSN
VNS,KZO
VNS,PWQ
VNS,CIT
VNS,URA
VNS,UKK
VAR,SCO
VAR,AKX
VAR,ALA
VAR,TSE
VAR,GUW
VAR,KGF
VAR,KSN
VAR,KZO
VAR,PWQ
VAR,CIT
VAR,URA
VAR,UKK
VCE,SCO
VCE,AKX
VCE,ALA
VCE,TSE
VCE,GUW
VCE,KGF
VCE,KSN
VCE,KZO
VCE,PWQ
VCE,CIT
VCE,URA
VCE,UKK
VIE,SCO
VIE,AKX
VIE,ALA
VIE,TSE
VIE,GUW
VIE,BKK
VIE,PEK
VIE,FRU
VIE,KGF
VIE,KSN
VIE,KUL
VIE,KZO
VIE,OVB
VIE,OMS
VIE,PWQ
VIE,ICN
VIE,CIT
VIE,TAS
VIE,URA
VIE,URC
VIE,UKK
VIE,SVX
VGO,TSE
VNO,AKX
VNO,ALA
VNO,TSE
VNO,KGF
VNO,KSN
VNO,KZO
VNO,PWQ
VNO,CIT
VNO,URA
VNO,UKK
VVO,SCO
VVO,AKX
VVO,ALA
VVO,TSE
VVO,GUW
VVO,KGF
VVO,KSN
VVO,KZO
VVO,PWQ
VVO,CIT
VVO,URA
VVO,UKK
WAW,SCO
WAW,AKX
WAW,ALA
WAW,AMS
WAW,TSE
WAW,GUW
WAW,GYD
WAW,BKK
WAW,PEK
WAW,FRU
WAW,DEL
WAW,DXB
WAW,DYU
WAW,FRA
WAW,HKG
WAW,IST
WAW,KGF
WAW,KZN
WAW,KSN
WAW,KUL
WAW,KZO
WAW,LHR
WAW,SVO
WAW,OVB
WAW,OMS
WAW,PWQ
WAW,LED
WAW,ICN
WAW,CIT
WAW,TAS
WAW,TBS
WAW,URA
WAW,URC
WAW,UKK
WAW,SVX
XMN,SCO
XMN,AKX
XMN,ALA
XMN,TSE
XMN,GUW
XMN,KGF
XMN,KSN
XMN,KZO
XMN,PWQ
XMN,CIT
XMN,URA
XMN,UKK
YKS,SCO
YKS,AKX
YKS,ALA
YKS,TSE
YKS,GUW
YKS,KGF
YKS,KSN
YKS,KZO
YKS,PWQ
YKS,CIT
YKS,URA
YKS,UKK
SVX,AUH
SVX,SCO
SVX,AKX
SVX,ALA
SVX,AMS
SVX,AYT
SVX,TSE
SVX,GUW
SVX,GYD
SVX,BKK
SVX,PEK
SVX,FRU
SVX,DEL
SVX,DXB
SVX,DYU
SVX,HKG
SVX,IST
SVX,KGF
SVX,KBP
SVX,USM
SVX,KBV
SVX,KUL
SVX,KZO
SVX,LHR
SVX,SVO
SVX,CDG
SVX,PWQ
SVX,HKT
SVX,QYG
SVX,LED
SVX,ICN
SVX,CIT
SVX,TAS
SVX,TBS
SVX,IKA
SVX,TDX
SVX,TJM
SVX,URA
SVX,URC
SVX,UKK
SVX,WAW
EVN,SCO
EVN,AKX
EVN,ALA
EVN,TSE
EVN,GUW
EVN,KGF
EVN,KSN
EVN,KZO
EVN,PWQ
EVN,CIT
EVN,URA
EVN,UKK
UUS,SCO
UUS,AKX
UUS,ALA
UUS,TSE
UUS,GUW
UUS,KGF
UUS,KSN
UUS,KZO
UUS,PWQ
UUS,CIT
UUS,URA
UUS,UKK
ZAG,SCO
ZAG,AKX
ZAG,ALA
ZAG,TSE
ZAG,GUW
ZAG,KGF
ZAG,KSN
ZAG,KZO
ZAG,PWQ
ZAG,CIT
ZAG,URA
ZAG,UKK
ZRH,SCO
ZRH,AKX
ZRH,ALA
ZRH,TSE
ZRH,GUW
ZRH,KGF
ZRH,KSN
ZRH,KZO
ZRH,PWQ
ZRH,CIT
ZRH,URA
ZRH,UKK
