ACA,AQP
ACA,BOG
ACA,BUE
ACA,BUE
ACA,BUE
ACA,CUZ
ACA,COR
ACA,LIM
ACA,MVD
ACA,PIU
ACA,UIO
ACA,RIO
ACA,RIO
ACA,RIO
ACA,SCL
ACA,SAO
ACA,SAO
ACA,SAO
AJU,ADL
AJU,ALC
AJU,LEI
AJU,AMS
AJU,OVD
AJU,AKL
AJU,AYP
AJU,BCN
AJU,BER
AJU,BER
AJU,BER
AJU,BIO
AJU,BLQ
AJU,BOD
AJU,BRE
AJU,BRU
AJU,BRU
AJU,BRU
AJU,CNS
AJU,CUN
AJU,MEX
AJU,CPH
AJU,CUZ
AJU,COR
AJU,DRW
AJU,DUS
AJU,EDI
AJU,STO
AJU,STO
AJU,STO
AJU,STO
AJU,STO
AJU,SXB
AJU,FRA
AJU,FRA
AJU,FRA
AJU,GVA
AJU,GLA
AJU,GLA
AJU,GLA
AJU,GRX
AJU,GDL
AJU,HAM
AJU,HAJ
AJU,HEL
AJU,HBA
AJU,IBZ
AJU,JNB
AJU,LCG
AJU,LPA
AJU,LIM
AJU,LON
AJU,LYS
AJU,LYS
AJU,LYS
AJU,MAD
AJU,MAN
AJU,MRS
AJU,MEL
AJU,MEL
AJU,MEL
AJU,MIL
AJU,MIL
AJU,MIL
AJU,MIL
AJU,MIL
AJU,MTY
AJU,MVD
AJU,MUC
AJU,AGP
AJU,MID
AJU,NTE
AJU,NCE
AJU,OSL
AJU,OSL
AJU,OSL
AJU,PMI
AJU,PNA
AJU,PAR
AJU,PAR
AJU,PAR
AJU,PAR
AJU,PER
AJU,PUJ
AJU,ROM
AJU,ROM
AJU,ROM
AJU,EAS
AJU,SDR
AJU,SCL
AJU,SCQ
AJU,SAO
AJU,SAO
AJU,SAO
AJU,SVQ
AJU,STR
AJU,SYD
AJU,TYL
AJU,TLV
AJU,TLV
AJU,TLV
AJU,TCI
AJU,TCI
AJU,TCI
AJU,TIJ
AJU,TLS
AJU,TRN
AJU,VLC
AJU,VCE
AJU,VCE
AJU,VCE
AJU,VIE
AJU,VGO
AJU,VSA
AJU,ZRH
ASU,ADL
ASU,ALC
ASU,LEI
ASU,AMS
ASU,ANF
ASU,OVD
ASU,AKL
ASU,BCN
ASU,BAQ
ASU,BER
ASU,BER
ASU,BER
ASU,BIO
ASU,BOG
ASU,BLQ
ASU,BOD
ASU,BRE
ASU,BNE
ASU,BRU
ASU,BRU
ASU,BRU
ASU,BUE
ASU,BUE
ASU,BUE
ASU,CJC
ASU,CLO
ASU,CUN
ASU,CTG
ASU,CHC
ASU,MEX
ASU,MEX
ASU,MEX
ASU,MEX
ASU,CME
ASU,CCP
ASU,CPH
ASU,CPO
ASU,CUZ
ASU,COR
ASU,DUS
ASU,EDI
ASU,STO
ASU,STO
ASU,STO
ASU,STO
ASU,STO
ASU,SXB
ASU,FRA
ASU,FRA
ASU,FRA
ASU,GVA
ASU,GLA
ASU,GLA
ASU,GLA
ASU,GRX
ASU,GDL
ASU,GYE
ASU,HAM
ASU,HAJ
ASU,HEL
ASU,HMO
ASU,IBZ
ASU,IQQ
ASU,JNB
ASU,LCG
ASU,LSC
ASU,LPA
ASU,BJX
ASU,LIM
ASU,LON
ASU,LAX
ASU,LYS
ASU,LYS
ASU,LYS
ASU,MAD
ASU,MAN
ASU,MRS
ASU,MEL
ASU,MEL
ASU,MEL
ASU,MDZ
ASU,MIA
ASU,MTY
ASU,MTY
ASU,MTY
ASU,MVD
ASU,MUC
ASU,AGP
ASU,MID
ASU,NTE
ASU,NCE
ASU,NYC
ASU,ORL
ASU,OSL
ASU,OSL
ASU,OSL
ASU,PMI
ASU,PNA
ASU,PAR
ASU,PAR
ASU,PAR
ASU,PAR
ASU,PEI
ASU,PER
ASU,PMC
ASU,PUQ
ASU,PDP
ASU,UIO
ASU,ROM
ASU,ROM
ASU,ROM
ASU,RIO
ASU,RIO
ASU,RIO
ASU,EAS
ASU,SDR
ASU,SCL
ASU,SCQ
ASU,SAO
ASU,SAO
ASU,SAO
ASU,SVQ
ASU,STR
ASU,SYD
ASU,TLV
ASU,TLV
ASU,TLV
ASU,TCI
ASU,TCI
ASU,TCI
ASU,TIJ
ASU,TLS
ASU,TRN
ASU,VLC
ASU,VCE
ASU,VCE
ASU,VCE
ASU,VER
ASU,VIE
ASU,VGO
ASU,VSA
ASU,ZRH
BCN,ANF
BCN,AJU
BCN,AQP
BCN,ARI
BCN,ASU
BCN,AKL
BCN,AYP
BCN,BHI
BCN,BBA
BCN,GPS
BCN,BRC
BCN,BAQ
BCN,BEL
BCN,BHZ
BCN,BVB
BCN,BOG
BCN,BSB
BCN,BGA
BCN,BUE
BCN,BUE
BCN,BUE
BCN,CJA
BCN,CJC
BCN,CLO
BCN,CGR
BCN,CTG
BCN,WCA
BCN,CIX
BCN,AGT
BCN,CRD
BCN,CCP
BCN,CPO
BCN,CUE
BCN,CGB
BCN,CWB
BCN,CWB
BCN,CWB
BCN,CUZ
BCN,COR
BCN,CUC
BCN,FTE
BCN,FLN
BCN,FOR
BCN,IGU
BCN,GYN
BCN,GYE
BCN,IGR
BCN,IOS
BCN,IMP
BCN,IQQ
BCN,IQT
BCN,IPC
BCN,ADZ
BCN,JPA
BCN,JOI
BCN,JUL
BCN,LPB
BCN,LSC
BCN,LET
BCN,LIM
BCN,LDB
BCN,MCP
BCN,MCZ
BCN,MAO
BCN,MAB
BCN,MDE
BCN,MDZ
BCN,MTR
BCN,MVD
BCN,MVA
BCN,NAT
BCN,NVT
BCN,NQN
BCN,ZOS
BCN,PMW
BCN,PPT
BCN,PEI
BCN,PIU
BCN,POA
BCN,BPS
BCN,PVH
BCN,PCL
BCN,PEM
BCN,PMC
BCN,PUQ
BCN,UIO
BCN,REC
BCN,RAO
BCN,ROS
BCN,RIO
BCN,RIO
BCN,RIO
BCN,RGL
BCN,SLA
BCN,SSA
BCN,SCY
BCN,UAQ
BCN,SRZ
BCN,SMR
BCN,STM
BCN,SCL
BCN,SJP
BCN,SLZ
BCN,SAO
BCN,SAO
BCN,SAO
BCN,TCQ
BCN,TYL
BCN,TPP
BCN,ZCO
BCN,THE
BCN,TRU
BCN,TUC
BCN,TBP
BCN,UDI
BCN,USH
BCN,ZAL
BCN,VUP
BCN,VIX
BCN,EYP
BRC,ADL
BRC,ALC
BRC,LEI
BRC,AMS
BRC,ANF
BRC,AQP
BRC,AUA
BRC,OVD
BRC,AKL
BRC,AYP
BRC,BHI
BRC,BCN
BRC,BER
BRC,BER
BRC,BER
BRC,BIO
BRC,BOG
BRC,BLQ
BRC,BOD
BRC,BSB
BRC,BRE
BRC,BRU
BRC,BRU
BRC,BRU
BRC,BUE
BRC,BUE
BRC,BUE
BRC,CNS
BRC,CJC
BRC,CLO
BRC,CUN
BRC,CHI
BRC,MEX
BRC,MEX
BRC,MEX
BRC,MEX
BRC,CME
BRC,CPH
BRC,CUZ
BRC,COR
BRC,DRW
BRC,DUS
BRC,EDI
BRC,FTE
BRC,STO
BRC,STO
BRC,STO
BRC,STO
BRC,STO
BRC,SXB
BRC,FRA
BRC,FRA
BRC,FRA
BRC,GVA
BRC,GLA
BRC,GLA
BRC,GLA
BRC,GRX
BRC,GDL
BRC,GYE
BRC,HAM
BRC,HAJ
BRC,HEL
BRC,HMO
BRC,HBA
BRC,IBZ
BRC,IGR
BRC,IPC
BRC,JNB
BRC,LCG
BRC,HAV
BRC,LSC
BRC,LPA
BRC,BJX
BRC,LIM
BRC,LON
BRC,LAX
BRC,LYS
BRC,LYS
BRC,LYS
BRC,MAD
BRC,MAN
BRC,MRS
BRC,MDE
BRC,MEL
BRC,MEL
BRC,MEL
BRC,MDZ
BRC,MIA
BRC,MIL
BRC,MIL
BRC,MIL
BRC,MIL
BRC,MIL
BRC,MTY
BRC,MTY
BRC,MTY
BRC,MVD
BRC,MUC
BRC,AGP
BRC,MID
BRC,NTE
BRC,NCE
BRC,NYC
BRC,ORL
BRC,OSL
BRC,OSL
BRC,OSL
BRC,PMI
BRC,PNA
BRC,PAR
BRC,PAR
BRC,PAR
BRC,PAR
BRC,PER
BRC,PIU
BRC,PUJ
BRC,UIO
BRC,ROM
BRC,ROM
BRC,ROM
BRC,RIO
BRC,RIO
BRC,RIO
BRC,RGL
BRC,SLA
BRC,SFO
BRC,EAS
BRC,SDR
BRC,SCL
BRC,SAO
BRC,SAO
BRC,SAO
BRC,SVQ
BRC,STR
BRC,SYD
BRC,TYL
BRC,TLV
BRC,TLV
BRC,TLV
BRC,TCI
BRC,TCI
BRC,TCI
BRC,TIJ
BRC,YTO
BRC,TLS
BRC,TUC
BRC,TRN
BRC,USH
BRC,VLC
BRC,VCE
BRC,VCE
BRC,VCE
BRC,VER
BRC,VIE
BRC,VGO
BRC,VSA
BRC,WAS
BRC,ZRH
JTC,PUJ
BEL,ADL
BEL,ALC
BEL,LEI
BEL,AMS
BEL,AQP
BEL,OVD
BEL,AKL
BEL,AYP
BEL,BCN
BEL,BER
BEL,BER
BEL,BER
BEL,BIO
BEL,BLQ
BEL,BOD
BEL,BRE
BEL,BRU
BEL,BRU
BEL,BRU
BEL,BUE
BEL,BUE
BEL,BUE
BEL,CNS
BEL,CUN
BEL,MEX
BEL,CPH
BEL,CUZ
BEL,DRW
BEL,DUS
BEL,EDI
BEL,STO
BEL,STO
BEL,STO
BEL,STO
BEL,STO
BEL,SXB
BEL,FRA
BEL,FRA
BEL,FRA
BEL,GVA
BEL,GLA
BEL,GLA
BEL,GLA
BEL,GRX
BEL,GDL
BEL,GYE
BEL,HAM
BEL,HAJ
BEL,HEL
BEL,HBA
BEL,IBZ
BEL,IQQ
BEL,JNB
BEL,LCG
BEL,LPA
BEL,LIM
BEL,LON
BEL,LYS
BEL,LYS
BEL,LYS
BEL,MAD
BEL,MAN
BEL,MRS
BEL,MEL
BEL,MEL
BEL,MEL
BEL,MDZ
BEL,MIA
BEL,MIL
BEL,MIL
BEL,MIL
BEL,MIL
BEL,MIL
BEL,MTY
BEL,MVD
BEL,MUC
BEL,AGP
BEL,MID
BEL,NTE
BEL,NCE
BEL,ORL
BEL,OSL
BEL,OSL
BEL,OSL
BEL,PMI
BEL,PNA
BEL,PAR
BEL,PAR
BEL,PAR
BEL,PAR
BEL,PER
BEL,PMC
BEL,PUJ
BEL,PDP
BEL,ROM
BEL,ROM
BEL,ROM
BEL,EAS
BEL,SDR
BEL,SCL
BEL,SCQ
BEL,SLZ
BEL,SAO
BEL,SAO
BEL,SAO
BEL,SVQ
BEL,STR
BEL,SYD
BEL,TYL
BEL,TLV
BEL,TLV
BEL,TLV
BEL,TCI
BEL,TCI
BEL,TCI
BEL,TIJ
BEL,TLS
BEL,TRN
BEL,VLC
BEL,VCE
BEL,VCE
BEL,VCE
BEL,VIE
BEL,VGO
BEL,VSA
BEL,ZRH
BVB,ADL
BVB,ALC
BVB,LEI
BVB,AMS
BVB,OVD
BVB,BCN
BVB,BER
BVB,BER
BVB,BER
BVB,BIO
BVB,BLQ
BVB,BOD
BVB,BRE
BVB,BRU
BVB,BRU
BVB,BRU
BVB,CNS
BVB,CUN
BVB,MEX
BVB,CPH
BVB,DRW
BVB,DUS
BVB,EDI
BVB,STO
BVB,STO
BVB,STO
BVB,STO
BVB,STO
BVB,SXB
BVB,FRA
BVB,FRA
BVB,FRA
BVB,GVA
BVB,GLA
BVB,GLA
BVB,GLA
BVB,GRX
BVB,GDL
BVB,HAM
BVB,HAJ
BVB,HEL
BVB,HBA
BVB,IBZ
BVB,JNB
BVB,LCG
BVB,LPA
BVB,LON
BVB,LYS
BVB,LYS
BVB,LYS
BVB,MAD
BVB,MAN
BVB,MRS
BVB,MEL
BVB,MEL
BVB,MEL
BVB,MIL
BVB,MIL
BVB,MIL
BVB,MIL
BVB,MIL
BVB,MTY
BVB,MVD
BVB,MUC
BVB,AGP
BVB,MID
BVB,NTE
BVB,NCE
BVB,OSL
BVB,OSL
BVB,OSL
BVB,PMI
BVB,PNA
BVB,PAR
BVB,PAR
BVB,PAR
BVB,PAR
BVB,PER
BVB,PUJ
BVB,ROM
BVB,ROM
BVB,ROM
BVB,EAS
BVB,SDR
BVB,SCQ
BVB,SVQ
BVB,STR
BVB,SYD
BVB,TLV
BVB,TLV
BVB,TLV
BVB,TCI
BVB,TCI
BVB,TCI
BVB,TIJ
BVB,TLS
BVB,TRN
BVB,VLC
BVB,VCE
BVB,VCE
BVB,VCE
BVB,VIE
BVB,VGO
BVB,VSA
BVB,ZRH
BOG,YXX
BOG,ABZ
BOG,AUH
BOG,ACA
BOG,ADL
BOG,AGU
BOG,ALG
BOG,ALC
BOG,LEI
BOG,AMM
BOG,AMS
BOG,ANC
BOG,ANU
BOG,ANF
BOG,AQP
BOG,ARI
BOG,AUA
BOG,ASE
BOG,OVD
BOG,ASU
BOG,ATH
BOG,ATL
BOG,AKL
BOG,AYP
BOG,BBA
BOG,GPS
BOG,BLR
BOG,BKK
BOG,BCN
BOG,BRC
BOG,BAQ
BOG,BJS
BOG,BEY
BOG,BFS
BOG,BFS
BOG,BFS
BOG,BHZ
BOG,BGO
BOG,BER
BOG,BER
BOG,BER
BOG,BDA
BOG,BIO
BOG,BHM
BOG,BOI
BOG,BLQ
BOG,BOD
BOG,BOS
BOG,BZN
BOG,YBR
BOG,BSB
BOG,BRE
BOG,BGI
BOG,BNE
BOG,BRU
BOG,BRU
BOG,BRU
BOG,BGA
BOG,BUH
BOG,BUD
BOG,BUE
BOG,BUE
BOG,BUE
BOG,PUS
BOG,CNS
BOG,CAI
BOG,CJA
BOG,CJC
BOG,YYC
BOG,CLO
BOG,CPE
BOG,CBR
BOG,CUN
BOG,CAN
BOG,CTG
BOG,SLU
BOG,CEB
BOG,CSX
BOG,YYG
BOG,MAA
BOG,CNX
BOG,CHI
BOG,CIX
BOG,CUU
BOG,CHC
BOG,GUA
BOG,MEX
BOG,MEX
BOG,MEX
BOG,MEX
BOG,PTY
BOG,CPT
BOG,CME
BOG,CJS
BOG,CEN
BOG,CMH
BOG,CRD
BOG,CCP
BOG,CPH
BOG,CPO
BOG,CZM
BOG,CUE
BOG,CUL
BOG,CUR
BOG,CWB
BOG,CWB
BOG,CWB
BOG,CUZ
BOG,COR
BOG,CUC
BOG,TAE
BOG,DLC
BOG,DFW
BOG,DRW
BOG,YDF
BOG,DPS
BOG,DEN
BOG,DXB
BOG,DUB
BOG,DUD
BOG,DGO
BOG,DUS
BOG,EDI
BOG,YEA
BOG,YEA
BOG,YEA
BOG,YEA
BOG,FTE
BOG,IST
BOG,STO
BOG,STO
BOG,STO
BOG,STO
BOG,STO
BOG,SXB
BOG,EUG
BOG,FYV
BOG,FLN
BOG,FLL
BOG,YXJ
BOG,FOR
BOG,IGU
BOG,FRA
BOG,FRA
BOG,FRA
BOG,FPO
BOG,FUE
BOG,FUK
BOG,GNV
BOG,GCM
BOG,GVA
BOG,GLA
BOG,GLA
BOG,GLA
BOG,OOL
BOG,GOT
BOG,GOT
BOG,GOT
BOG,GRX
BOG,GSO
BOG,GDL
BOG,GYE
BOG,KWJ
BOG,YHZ
BOG,YHZ
BOG,YHZ
BOG,HAM
BOG,YHM
BOG,HAJ
BOG,HAN
BOG,HFD
BOG,HEL
BOG,HMO
BOG,ITO
BOG,SGN
BOG,HBA
BOG,HKG
BOG,MKK
BOG,HOU
BOG,HOU
BOG,HOU
BOG,HYD
BOG,IBZ
BOG,IGR
BOG,IQQ
BOG,IQT
BOG,IPC
BOG,ADZ
BOG,ZIH
BOG,JAX
BOG,CGK
BOG,CJU
BOG,XRY
BOG,TNA
BOG,HIN
BOG,JNB
BOG,JUL
BOG,OGG
BOG,FCA
BOG,YKA
BOG,MKC
BOG,KTM
BOG,LIH
BOG,YLW
BOG,EYW
BOG,KBP
BOG,YKF
BOG,KMQ
BOG,KOA
BOG,KUL
BOG,KCH
BOG,LCG
BOG,HAV
BOG,LAP
BOG,LPB
BOG,LRM
BOG,LSC
BOG,LNY
BOG,LGK
BOG,ACE
BOG,LPA
BOG,LAS
BOG,LBA
BOG,BJX
BOG,LET
BOG,LIM
BOG,LIS
BOG,LON
BOG,LGB
BOG,LTO
BOG,LMM
BOG,LAX
BOG,SDF
BOG,LUX
BOG,LYS
BOG,LYS
BOG,LYS
BOG,MCZ
BOG,MAD
BOG,MLE
BOG,MMH
BOG,MGA
BOG,MAO
BOG,MAN
BOG,MNL
BOG,ZLO
BOG,RAK
BOG,MRS
BOG,MAM
BOG,MYJ
BOG,MZT
BOG,MDE
BOG,MFR
BOG,MEL
BOG,MEL
BOG,MEL
BOG,MLN
BOG,MEM
BOG,MDZ
BOG,MAH
BOG,MIA
BOG,MIL
BOG,MIL
BOG,MIL
BOG,MIL
BOG,MIL
BOG,MSO
BOG,MBJ
BOG,MTY
BOG,MTY
BOG,MTY
BOG,MTR
BOG,MVD
BOG,YMQ
BOG,YMQ
BOG,YMQ
BOG,YMQ
BOG,MLM
BOG,MOW
BOG,MOW
BOG,MOW
BOG,MOW
BOG,MPN
BOG,BOM
BOG,MUC
BOG,AGP
BOG,MID
BOG,NGO
BOG,NBO
BOG,YCD
BOG,YCD
BOG,YCD
BOG,NKG
BOG,NTE
BOG,BNA
BOG,NAS
BOG,NAT
BOG,NVT
BOG,NCL
BOG,NCE
BOG,ORF
BOG,DEL
BOG,NYC
BOG,NLD
BOG,OAK
BOG,OAX
BOG,OKC
BOG,OPO
BOG,ORL
BOG,OSL
BOG,OSL
BOG,OSL
BOG,ZOS
BOG,YOW
BOG,YOW
BOG,YOW
BOG,PMI
BOG,PSP
BOG,PNA
BOG,PPT
BOG,PAR
BOG,PAR
BOG,PAR
BOG,PAR
BOG,PNS
BOG,PEI
BOG,PER
BOG,PHL
BOG,PHX
BOG,HKT
BOG,PIT
BOG,PIU
BOG,KPO
BOG,POS
BOG,POA
BOG,PAZ
BOG,PRG
BOG,YXS
BOG,PLS
BOG,PCL
BOG,PEM
BOG,PMC
BOG,POP
BOG,PAP
BOG,PVR
BOG,PUQ
BOG,PUJ
BOG,YQB
BOG,ZQN
BOG,TAO
BOG,UIO
BOG,REC
BOG,RDM
BOG,RNO
BOG,REX
BOG,RAO
BOG,RIC
BOG,RTB
BOG,ROM
BOG,ROM
BOG,ROM
BOG,ROS
BOG,RTM
BOG,RIO
BOG,RIO
BOG,RIO
BOG,SAC
BOG,YYT
BOG,SLA
BOG,SSA
BOG,SAT
BOG,SKB
BOG,SCY
BOG,SFO
BOG,SJD
BOG,SJO
BOG,SJO
BOG,SJO
BOG,SJU
BOG,SJU
BOG,SJU
BOG,SLP
BOG,SAP
BOG,LED
BOG,SAL
BOG,EAS
BOG,SRZ
BOG,SMR
BOG,STS
BOG,SDR
BOG,SCL
BOG,SCQ
BOG,SDQ
BOG,SDQ
BOG,SDQ
BOG,SLZ
BOG,SAO
BOG,SAO
BOG,SAO
BOG,YXE
BOG,SVQ
BOG,SEL
BOG,SEL
BOG,SEL
BOG,SEL
BOG,SHA
BOG,SHA
BOG,SHA
BOG,SZX
BOG,SIN
BOG,SOF
BOG,STT
BOG,SVG
BOG,STR
BOG,SYD
BOG,TCQ
BOG,TPE
BOG,TYL
BOG,TLH
BOG,TPA
BOG,TAM
BOG,TAP
BOG,TPP
BOG,TGU
BOG,TLV
BOG,TLV
BOG,TLV
BOG,ZCO
BOG,TCI
BOG,TCI
BOG,TCI
BOG,YXT
BOG,YQT
BOG,TIJ
BOG,TYO
BOG,TYO
BOG,TYO
BOG,YTO
BOG,YTO
BOG,YTO
BOG,YTO
BOG,TRC
BOG,TLS
BOG,TRU
BOG,TUC
BOG,TUL
BOG,TBP
BOG,TRN
BOG,UDI
BOG,USN
BOG,USH
BOG,ZAL
BOG,VLC
BOG,VUP
BOG,YVR
BOG,YVR
BOG,YVR
BOG,YVR
BOG,WAW
BOG,VCE
BOG,VCE
BOG,VCE
BOG,VER
BOG,YYJ
BOG,YYJ
BOG,YYJ
BOG,VIE
BOG,VGO
BOG,VSA
BOG,WAS
BOG,WAS
BOG,WAS
BOG,WLG
BOG,PBI
BOG,YXY
BOG,YQG
BOG,YWG
BOG,WUH
BOG,XIY
BOG,YZF
BOG,RSU
BOG,EYP
BOG,ZCL
BOG,ZAG
BOG,CGO
BOG,ZRH
BOS,AQP
BOS,AYP
BOS,BHZ
BOS,BOG
BOS,BSB
BOS,BUE
BOS,BUE
BOS,BUE
BOS,MEX
BOS,MEX
BOS,MEX
BOS,MEX
BOS,CWB
BOS,CWB
BOS,CWB
BOS,CUZ
BOS,FLN
BOS,FOR
BOS,IGU
BOS,GYN
BOS,GYE
BOS,LIM
BOS,LDB
BOS,MAO
BOS,MVD
BOS,NAT
BOS,POA
BOS,PMC
BOS,UIO
BOS,REC
BOS,ROS
BOS,RIO
BOS,RIO
BOS,RIO
BOS,SSA
BOS,SCL
BOS,SAO
BOS,SAO
BOS,SAO
BOS,TCQ
BOS,TYL
BOS,VIX
BSB,ADL
BSB,ALC
BSB,LEI
BSB,AMS
BSB,ANF
BSB,AQP
BSB,OVD
BSB,ATL
BSB,AKL
BSB,AYP
BSB,BCN
BSB,BRC
BSB,BAQ
BSB,BER
BSB,BER
BSB,BER
BSB,BIO
BSB,BOG
BSB,BLQ
BSB,BOD
BSB,BOS
BSB,BRE
BSB,BRU
BSB,BRU
BSB,BRU
BSB,BUE
BSB,BUE
BSB,BUE
BSB,CNS
BSB,CJC
BSB,YYC
BSB,CLO
BSB,CUN
BSB,CTG
BSB,CLT
BSB,CHI
BSB,MEX
BSB,CCP
BSB,CPH
BSB,CUZ
BSB,COR
BSB,DFW
BSB,DRW
BSB,DEN
BSB,DTT
BSB,DUS
BSB,EDI
BSB,YEA
BSB,STO
BSB,STO
BSB,STO
BSB,STO
BSB,STO
BSB,SXB
BSB,FOR
BSB,FRA
BSB,FRA
BSB,FRA
BSB,GVA
BSB,GLA
BSB,GLA
BSB,GLA
BSB,GRX
BSB,GDL
BSB,GYE
BSB,YHZ
BSB,HAM
BSB,YHM
BSB,HAJ
BSB,HEL
BSB,HBA
BSB,HOU
BSB,HOU
BSB,HOU
BSB,IBZ
BSB,IPC
BSB,JAX
BSB,JNB
BSB,JUL
BSB,LCG
BSB,LPB
BSB,LPA
BSB,LAS
BSB,LIM
BSB,YXU
BSB,LON
BSB,LAX
BSB,LYS
BSB,LYS
BSB,LYS
BSB,MAD
BSB,MAO
BSB,MAN
BSB,MRS
BSB,MDE
BSB,MEL
BSB,MEL
BSB,MEL
BSB,MDZ
BSB,MIA
BSB,MIL
BSB,MIL
BSB,MIL
BSB,MIL
BSB,MIL
BSB,MTY
BSB,MVD
BSB,YMQ
BSB,MUC
BSB,AGP
BSB,MID
BSB,NTE
BSB,BNA
BSB,NCE
BSB,MSY
BSB,NYC
BSB,ORL
BSB,OSL
BSB,OSL
BSB,OSL
BSB,YOW
BSB,PMI
BSB,PNA
BSB,PAR
BSB,PAR
BSB,PAR
BSB,PAR
BSB,PER
BSB,PHL
BSB,PHX
BSB,PMC
BSB,PUQ
BSB,PDP
BSB,UIO
BSB,RDU
BSB,ROM
BSB,ROM
BSB,ROM
BSB,RIO
BSB,RIO
BSB,RIO
BSB,YYT
BSB,SAN
BSB,SFO
BSB,EAS
BSB,SDR
BSB,SCL
BSB,SCQ
BSB,SAO
BSB,SAO
BSB,SAO
BSB,SEA
BSB,SVQ
BSB,STR
BSB,SYD
BSB,TYL
BSB,TPA
BSB,TLV
BSB,TLV
BSB,TLV
BSB,TCI
BSB,TCI
BSB,TCI
BSB,TIJ
BSB,YTO
BSB,TLS
BSB,TRN
BSB,VLC
BSB,YVR
BSB,VCE
BSB,VCE
BSB,VCE
BSB,VIE
BSB,VGO
BSB,VSA
BSB,WAS
BSB,WAS
BSB,WAS
BSB,YWG
BSB,ZRH
CGR,ADL
CGR,ALC
CGR,LEI
CGR,AMS
CGR,OVD
CGR,BCN
CGR,BER
CGR,BER
CGR,BER
CGR,BIO
CGR,BLQ
CGR,BOD
CGR,BRE
CGR,BRU
CGR,BRU
CGR,BRU
CGR,CNS
CGR,CUN
CGR,MEX
CGR,CPH
CGR,DRW
CGR,DUS
CGR,EDI
CGR,STO
CGR,STO
CGR,STO
CGR,STO
CGR,STO
CGR,SXB
CGR,FRA
CGR,FRA
CGR,FRA
CGR,GVA
CGR,GLA
CGR,GLA
CGR,GLA
CGR,GRX
CGR,GDL
CGR,HAM
CGR,HAJ
CGR,HEL
CGR,HBA
CGR,IBZ
CGR,JNB
CGR,LCG
CGR,LPA
CGR,LIM
CGR,LON
CGR,LYS
CGR,LYS
CGR,LYS
CGR,MAD
CGR,MAN
CGR,MRS
CGR,MEL
CGR,MEL
CGR,MEL
CGR,MIL
CGR,MIL
CGR,MIL
CGR,MIL
CGR,MIL
CGR,MTY
CGR,MVD
CGR,MUC
CGR,AGP
CGR,MID
CGR,NTE
CGR,NCE
CGR,OSL
CGR,OSL
CGR,OSL
CGR,PMI
CGR,PNA
CGR,PAR
CGR,PAR
CGR,PAR
CGR,PAR
CGR,PER
CGR,PUJ
CGR,ROM
CGR,ROM
CGR,ROM
CGR,EAS
CGR,SDR
CGR,SCL
CGR,SCQ
CGR,SAO
CGR,SAO
CGR,SAO
CGR,SVQ
CGR,STR
CGR,SYD
CGR,TLV
CGR,TLV
CGR,TLV
CGR,TCI
CGR,TCI
CGR,TCI
CGR,TIJ
CGR,TLS
CGR,TRN
CGR,VLC
CGR,VCE
CGR,VCE
CGR,VCE
CGR,VIE
CGR,VGO
CGR,VSA
CGR,ZRH
CTG,ADL
CTG,ALC
CTG,LEI
CTG,AMS
CTG,ANF
CTG,AQP
CTG,AUA
CTG,OVD
CTG,ASU
CTG,AKL
CTG,AYP
CTG,BCN
CTG,BAQ
CTG,BHZ
CTG,BER
CTG,BER
CTG,BER
CTG,BIO
CTG,BOG
CTG,BLQ
CTG,BOD
CTG,BSB
CTG,BRE
CTG,BRU
CTG,BRU
CTG,BRU
CTG,BGA
CTG,BUE
CTG,BUE
CTG,BUE
CTG,CNS
CTG,CJA
CTG,CJC
CTG,YYC
CTG,CLO
CTG,CUN
CTG,SLU
CTG,CHI
CTG,CIX
CTG,GUA
CTG,MEX
CTG,MEX
CTG,MEX
CTG,MEX
CTG,PTY
CTG,CCP
CTG,CPH
CTG,CWB
CTG,CWB
CTG,CWB
CTG,CUZ
CTG,COR
CTG,CUC
CTG,DRW
CTG,DTT
CTG,DUS
CTG,EDI
CTG,STO
CTG,STO
CTG,STO
CTG,STO
CTG,STO
CTG,SXB
CTG,FLN
CTG,FLL
CTG,FOR
CTG,FRA
CTG,FRA
CTG,FRA
CTG,GVA
CTG,GLA
CTG,GLA
CTG,GLA
CTG,GRX
CTG,GDL
CTG,GYE
CTG,HAM
CTG,HAJ
CTG,HEL
CTG,ITO
CTG,HBA
CTG,MKK
CTG,HOU
CTG,HOU
CTG,HOU
CTG,IBZ
CTG,IGR
CTG,IQQ
CTG,IQT
CTG,ADZ
CTG,JNB
CTG,OGG
CTG,MKC
CTG,LIH
CTG,KIN
CTG,KOA
CTG,LCG
CTG,LPB
CTG,LSC
CTG,LNY
CTG,LPA
CTG,LET
CTG,LIM
CTG,LON
CTG,LAX
CTG,SDF
CTG,LYS
CTG,LYS
CTG,LYS
CTG,MAD
CTG,MGA
CTG,MAN
CTG,MRS
CTG,MDE
CTG,MEL
CTG,MEL
CTG,MEL
CTG,MDZ
CTG,MIA
CTG,MIL
CTG,MIL
CTG,MIL
CTG,MIL
CTG,MIL
CTG,MBJ
CTG,MTY
CTG,MTR
CTG,MVD
CTG,YMQ
CTG,MUC
CTG,AGP
CTG,NTE
CTG,NCE
CTG,ORF
CTG,NYC
CTG,NYC
CTG,NYC
CTG,ORL
CTG,OSL
CTG,OSL
CTG,OSL
CTG,ZOS
CTG,YOW
CTG,PMI
CTG,PNA
CTG,PAR
CTG,PAR
CTG,PAR
CTG,PAR
CTG,PEI
CTG,PER
CTG,PIU
CTG,POA
CTG,PEM
CTG,PMC
CTG,PUQ
CTG,PUJ
CTG,UIO
CTG,REC
CTG,RAO
CTG,ROM
CTG,ROM
CTG,ROM
CTG,ROS
CTG,RIO
CTG,RIO
CTG,RIO
CTG,SLA
CTG,SAT
CTG,SJO
CTG,SJU
CTG,SLP
CTG,SAL
CTG,EAS
CTG,SMR
CTG,SDR
CTG,SCL
CTG,SCQ
CTG,SAO
CTG,SAO
CTG,SAO
CTG,SVQ
CTG,STR
CTG,SYD
CTG,TCQ
CTG,TYL
CTG,TPP
CTG,TLV
CTG,TLV
CTG,TLV
CTG,ZCO
CTG,TCI
CTG,TCI
CTG,TCI
CTG,THE
CTG,TIJ
CTG,YTO
CTG,TLS
CTG,TRU
CTG,TRN
CTG,VLC
CTG,VUP
CTG,YVR
CTG,VCE
CTG,VCE
CTG,VCE
CTG,VIE
CTG,VGO
CTG,WAS
CTG,WAS
CTG,WAS
CTG,EYP
CTG,ZRH
AGT,ADL
AGT,ALC
AGT,LEI
AGT,AMS
AGT,OVD
AGT,ASU
AGT,BCN
AGT,BER
AGT,BER
AGT,BER
AGT,BIO
AGT,BLQ
AGT,BOD
AGT,BRE
AGT,BRU
AGT,BRU
AGT,BRU
AGT,CNS
AGT,CUN
AGT,MEX
AGT,MEX
AGT,MEX
AGT,MEX
AGT,CME
AGT,CPH
AGT,DRW
AGT,DUS
AGT,EDI
AGT,STO
AGT,STO
AGT,STO
AGT,STO
AGT,STO
AGT,SXB
AGT,FRA
AGT,FRA
AGT,FRA
AGT,GVA
AGT,GLA
AGT,GLA
AGT,GLA
AGT,GRX
AGT,GDL
AGT,HAM
AGT,HAJ
AGT,HEL
AGT,HMO
AGT,HBA
AGT,IBZ
AGT,JNB
AGT,LCG
AGT,LPA
AGT,BJX
AGT,LON
AGT,LYS
AGT,LYS
AGT,LYS
AGT,MAD
AGT,MAN
AGT,MRS
AGT,MEL
AGT,MEL
AGT,MEL
AGT,MIL
AGT,MIL
AGT,MIL
AGT,MIL
AGT,MIL
AGT,MTY
AGT,MTY
AGT,MTY
AGT,MVD
AGT,MUC
AGT,MID
AGT,NTE
AGT,NCE
AGT,OSL
AGT,OSL
AGT,OSL
AGT,PMI
AGT,PNA
AGT,PAR
AGT,PAR
AGT,PAR
AGT,PAR
AGT,PER
AGT,ROM
AGT,ROM
AGT,ROM
AGT,EAS
AGT,SDR
AGT,SCQ
AGT,SAO
AGT,SAO
AGT,SAO
AGT,SVQ
AGT,STR
AGT,SYD
AGT,TLV
AGT,TLV
AGT,TLV
AGT,TCI
AGT,TCI
AGT,TCI
AGT,TIJ
AGT,TLS
AGT,TRN
AGT,VLC
AGT,VCE
AGT,VCE
AGT,VCE
AGT,VER
AGT,VIE
AGT,VGO
AGT,VSA
AGT,ZRH
CGB,ADL
CGB,ALC
CGB,LEI
CGB,AMS
CGB,OVD
CGB,BCN
CGB,BER
CGB,BER
CGB,BER
CGB,BIO
CGB,BLQ
CGB,BOD
CGB,BRE
CGB,BRU
CGB,BRU
CGB,BRU
CGB,CNS
CGB,CUN
CGB,MEX
CGB,CPH
CGB,DRW
CGB,DUS
CGB,EDI
CGB,STO
CGB,STO
CGB,STO
CGB,STO
CGB,STO
CGB,SXB
CGB,FRA
CGB,FRA
CGB,FRA
CGB,GVA
CGB,GLA
CGB,GLA
CGB,GLA
CGB,GRX
CGB,GDL
CGB,HAM
CGB,HAJ
CGB,HEL
CGB,HBA
CGB,IBZ
CGB,JNB
CGB,LCG
CGB,LPA
CGB,LON
CGB,LYS
CGB,LYS
CGB,LYS
CGB,MAD
CGB,MAN
CGB,MRS
CGB,MEL
CGB,MEL
CGB,MEL
CGB,MIL
CGB,MIL
CGB,MIL
CGB,MIL
CGB,MIL
CGB,MTY
CGB,MVD
CGB,MUC
CGB,AGP
CGB,MID
CGB,NTE
CGB,NCE
CGB,OSL
CGB,OSL
CGB,OSL
CGB,PMI
CGB,PNA
CGB,PAR
CGB,PAR
CGB,PAR
CGB,PAR
CGB,PER
CGB,PUJ
CGB,PDP
CGB,ROM
CGB,ROM
CGB,ROM
CGB,EAS
CGB,SDR
CGB,SCL
CGB,SCQ
CGB,SAO
CGB,SAO
CGB,SAO
CGB,SVQ
CGB,STR
CGB,SYD
CGB,TLV
CGB,TLV
CGB,TLV
CGB,TCI
CGB,TCI
CGB,TCI
CGB,TIJ
CGB,TLS
CGB,TRN
CGB,VLC
CGB,VCE
CGB,VCE
CGB,VCE
CGB,VIE
CGB,VGO
CGB,VSA
CGB,ZRH
CWB,ADL
CWB,ALC
CWB,LEI
CWB,AMS
CWB,ANF
CWB,ARI
CWB,OVD
CWB,ATL
CWB,AKL
CWB,BCN
CWB,BAQ
CWB,BER
CWB,BER
CWB,BER
CWB,BIO
CWB,BOG
CWB,BLQ
CWB,BOD
CWB,BOS
CWB,BRE
CWB,BRU
CWB,BRU
CWB,BRU
CWB,BUE
CWB,BUE
CWB,BUE
CWB,CNS
CWB,CLO
CWB,CUN
CWB,CTG
CWB,CLT
CWB,CHI
CWB,MEX
CWB,CCP
CWB,CPH
CWB,CUZ
CWB,COR
CWB,DFW
CWB,DRW
CWB,DEN
CWB,DTT
CWB,DUS
CWB,EDI
CWB,STO
CWB,STO
CWB,STO
CWB,STO
CWB,STO
CWB,SXB
CWB,FRA
CWB,FRA
CWB,FRA
CWB,GVA
CWB,GLA
CWB,GLA
CWB,GLA
CWB,GRX
CWB,GDL
CWB,GYE
CWB,HAM
CWB,HAJ
CWB,HEL
CWB,HBA
CWB,HOU
CWB,HOU
CWB,HOU
CWB,IBZ
CWB,ADZ
CWB,JAX
CWB,JNB
CWB,LCG
CWB,LPA
CWB,LAS
CWB,LIM
CWB,LON
CWB,LAX
CWB,LYS
CWB,LYS
CWB,LYS
CWB,MAD
CWB,MAN
CWB,MRS
CWB,MDE
CWB,MEL
CWB,MEL
CWB,MEL
CWB,MDZ
CWB,MIA
CWB,MIL
CWB,MIL
CWB,MIL
CWB,MIL
CWB,MIL
CWB,MTY
CWB,MVD
CWB,MUC
CWB,AGP
CWB,MID
CWB,NTE
CWB,BNA
CWB,NCE
CWB,MSY
CWB,NYC
CWB,ORL
CWB,OSL
CWB,OSL
CWB,OSL
CWB,PMI
CWB,PNA
CWB,PAR
CWB,PAR
CWB,PAR
CWB,PAR
CWB,PER
CWB,PHL
CWB,PHX
CWB,PUQ
CWB,PUJ
CWB,PDP
CWB,UIO
CWB,RDU
CWB,ROM
CWB,ROM
CWB,ROM
CWB,RIO
CWB,RIO
CWB,RIO
CWB,SAN
CWB,SFO
CWB,EAS
CWB,SDR
CWB,SCL
CWB,SCQ
CWB,SAO
CWB,SAO
CWB,SAO
CWB,SEA
CWB,SVQ
CWB,STR
CWB,SYD
CWB,TPA
CWB,TLV
CWB,TLV
CWB,TLV
CWB,ZCO
CWB,TCI
CWB,TCI
CWB,TCI
CWB,TIJ
CWB,TLS
CWB,TRN
CWB,VLC
CWB,VCE
CWB,VCE
CWB,VCE
CWB,VIE
CWB,VGO
CWB,VSA
CWB,WAS
CWB,WAS
CWB,WAS
CWB,ZRH
FOR,ADL
FOR,ALC
FOR,LEI
FOR,AMS
FOR,OVD
FOR,ATL
FOR,AKL
FOR,BCN
FOR,BER
FOR,BER
FOR,BER
FOR,BIO
FOR,BOG
FOR,BLQ
FOR,BOD
FOR,BOS
FOR,BSB
FOR,BRE
FOR,BRU
FOR,BRU
FOR,BRU
FOR,BUE
FOR,BUE
FOR,BUE
FOR,CNS
FOR,CLO
FOR,CUN
FOR,CTG
FOR,CLT
FOR,CHI
FOR,MEX
FOR,CPH
FOR,COR
FOR,DFW
FOR,DRW
FOR,DEN
FOR,DTT
FOR,DUS
FOR,EDI
FOR,STO
FOR,STO
FOR,STO
FOR,STO
FOR,STO
FOR,SXB
FOR,FRA
FOR,FRA
FOR,FRA
FOR,GVA
FOR,GLA
FOR,GLA
FOR,GLA
FOR,GRX
FOR,GDL
FOR,GYE
FOR,HAM
FOR,HAJ
FOR,HEL
FOR,HBA
FOR,HOU
FOR,HOU
FOR,HOU
FOR,IBZ
FOR,IQQ
FOR,JAX
FOR,JNB
FOR,LCG
FOR,LPA
FOR,LAS
FOR,LIM
FOR,LON
FOR,LAX
FOR,LYS
FOR,LYS
FOR,LYS
FOR,MAD
FOR,MAN
FOR,MRS
FOR,MDE
FOR,MEL
FOR,MEL
FOR,MEL
FOR,MIA
FOR,MIL
FOR,MIL
FOR,MIL
FOR,MIL
FOR,MIL
FOR,MTY
FOR,MVD
FOR,MUC
FOR,AGP
FOR,MID
FOR,NTE
FOR,BNA
FOR,NCE
FOR,MSY
FOR,NYC
FOR,ORL
FOR,OSL
FOR,OSL
FOR,OSL
FOR,PMI
FOR,PNA
FOR,PAR
FOR,PAR
FOR,PAR
FOR,PAR
FOR,PER
FOR,PHL
FOR,PHX
FOR,PUQ
FOR,PDP
FOR,UIO
FOR,RDU
FOR,ROM
FOR,ROM
FOR,ROM
FOR,ROS
FOR,RIO
FOR,RIO
FOR,RIO
FOR,SAN
FOR,SFO
FOR,EAS
FOR,SDR
FOR,SCL
FOR,SCQ
FOR,SAO
FOR,SAO
FOR,SAO
FOR,SEA
FOR,SVQ
FOR,STR
FOR,SYD
FOR,TPA
FOR,TLV
FOR,TLV
FOR,TLV
FOR,ZCO
FOR,TCI
FOR,TCI
FOR,TCI
FOR,TIJ
FOR,TLS
FOR,TRN
FOR,VLC
FOR,VCE
FOR,VCE
FOR,VCE
FOR,VIE
FOR,VGO
FOR,VSA
FOR,WAS
FOR,WAS
FOR,WAS
FOR,ZRH
IGU,ADL
IGU,ALC
IGU,LEI
IGU,AMS
IGU,ANF
IGU,AQP
IGU,OVD
IGU,ATL
IGU,AYP
IGU,GPS
IGU,BCN
IGU,BER
IGU,BER
IGU,BER
IGU,BIO
IGU,BOG
IGU,BLQ
IGU,BOD
IGU,BOS
IGU,BRE
IGU,BRU
IGU,BRU
IGU,BRU
IGU,BGA
IGU,BUE
IGU,BUE
IGU,BUE
IGU,CNS
IGU,CJC
IGU,CLO
IGU,CUN
IGU,CLT
IGU,CHI
IGU,MEX
IGU,CPH
IGU,CUZ
IGU,DFW
IGU,DRW
IGU,DEN
IGU,DTT
IGU,DUS
IGU,EDI
IGU,FTE
IGU,STO
IGU,STO
IGU,STO
IGU,STO
IGU,STO
IGU,SXB
IGU,FRA
IGU,FRA
IGU,FRA
IGU,GVA
IGU,GLA
IGU,GLA
IGU,GLA
IGU,GRX
IGU,GDL
IGU,GYE
IGU,HAM
IGU,HAJ
IGU,HEL
IGU,HBA
IGU,HOU
IGU,HOU
IGU,HOU
IGU,IBZ
IGU,IQT
IGU,ADZ
IGU,JAX
IGU,JNB
IGU,JUL
IGU,LCG
IGU,HAV
IGU,LPB
IGU,LPA
IGU,LAS
IGU,LIM
IGU,LON
IGU,LAX
IGU,LYS
IGU,LYS
IGU,LYS
IGU,MAD
IGU,MAO
IGU,MAN
IGU,MRS
IGU,MDE
IGU,MEL
IGU,MEL
IGU,MEL
IGU,MIA
IGU,MIL
IGU,MIL
IGU,MIL
IGU,MIL
IGU,MIL
IGU,MTY
IGU,MVD
IGU,MUC
IGU,AGP
IGU,MID
IGU,NTE
IGU,BNA
IGU,NCE
IGU,MSY
IGU,NYC
IGU,ORL
IGU,OSL
IGU,OSL
IGU,OSL
IGU,PMI
IGU,PNA
IGU,PAR
IGU,PAR
IGU,PAR
IGU,PAR
IGU,PER
IGU,PHL
IGU,PHX
IGU,PIU
IGU,PUQ
IGU,PUJ
IGU,UIO
IGU,RDU
IGU,ROM
IGU,ROM
IGU,ROM
IGU,RIO
IGU,RIO
IGU,RIO
IGU,SAN
IGU,SFO
IGU,EAS
IGU,SRZ
IGU,SDR
IGU,SCL
IGU,SCQ
IGU,SAO
IGU,SAO
IGU,SAO
IGU,SEA
IGU,SVQ
IGU,STR
IGU,TCQ
IGU,TYL
IGU,TPA
IGU,TLV
IGU,TLV
IGU,TLV
IGU,TCI
IGU,TCI
IGU,TCI
IGU,TIJ
IGU,TLS
IGU,TRU
IGU,TRN
IGU,VLC
IGU,VCE
IGU,VCE
IGU,VCE
IGU,VIE
IGU,VGO
IGU,VSA
IGU,WAS
IGU,WAS
IGU,WAS
IGU,ZRH
GYN,ADL
GYN,ALC
GYN,LEI
GYN,AMS
GYN,OVD
GYN,ATL
GYN,AKL
GYN,BCN
GYN,BER
GYN,BER
GYN,BER
GYN,BIO
GYN,BLQ
GYN,BOD
GYN,BOS
GYN,BRE
GYN,BRU
GYN,BRU
GYN,BRU
GYN,CNS
GYN,CUN
GYN,CLT
GYN,CHI
GYN,MEX
GYN,CPH
GYN,DFW
GYN,DRW
GYN,DEN
GYN,DTT
GYN,DUS
GYN,EDI
GYN,STO
GYN,STO
GYN,STO
GYN,STO
GYN,STO
GYN,SXB
GYN,FRA
GYN,FRA
GYN,FRA
GYN,GVA
GYN,GLA
GYN,GLA
GYN,GLA
GYN,GRX
GYN,GDL
GYN,HAM
GYN,HAJ
GYN,HEL
GYN,HBA
GYN,HOU
GYN,HOU
GYN,HOU
GYN,IBZ
GYN,JAX
GYN,JNB
GYN,LCG
GYN,LPA
GYN,LAS
GYN,LON
GYN,LAX
GYN,LYS
GYN,LYS
GYN,LYS
GYN,MAD
GYN,MAN
GYN,MRS
GYN,MEL
GYN,MEL
GYN,MEL
GYN,MIA
GYN,MIL
GYN,MIL
GYN,MIL
GYN,MIL
GYN,MIL
GYN,MTY
GYN,MVD
GYN,MUC
GYN,AGP
GYN,MID
GYN,NTE
GYN,BNA
GYN,NCE
GYN,MSY
GYN,NYC
GYN,ORL
GYN,OSL
GYN,OSL
GYN,OSL
GYN,PMI
GYN,PNA
GYN,PAR
GYN,PAR
GYN,PAR
GYN,PAR
GYN,PER
GYN,PHL
GYN,PHX
GYN,PUJ
GYN,RDU
GYN,ROM
GYN,ROM
GYN,ROM
GYN,SAN
GYN,SFO
GYN,EAS
GYN,SDR
GYN,SCL
GYN,SCQ
GYN,SAO
GYN,SAO
GYN,SAO
GYN,SEA
GYN,SVQ
GYN,STR
GYN,SYD
GYN,TPA
GYN,TLV
GYN,TLV
GYN,TLV
GYN,TCI
GYN,TCI
GYN,TCI
GYN,TIJ
GYN,TLS
GYN,TRN
GYN,VLC
GYN,VCE
GYN,VCE
GYN,VCE
GYN,VIE
GYN,VGO
GYN,VSA
GYN,WAS
GYN,WAS
GYN,WAS
GYN,ZRH
HAV,ADL
HAV,ANF
HAV,AQP
HAV,AYP
HAV,BHI
HAV,BRC
HAV,BOG
HAV,BUE
HAV,BUE
HAV,BUE
HAV,CNS
HAV,CJC
HAV,MEX
HAV,MEX
HAV,MEX
HAV,MEX
HAV,CCP
HAV,CPO
HAV,CUZ
HAV,COR
HAV,DRW
HAV,IGU
HAV,GYE
HAV,HBA
HAV,IQQ
HAV,JNB
HAV,LSC
HAV,LIM
HAV,MAD
HAV,MEL
HAV,MEL
HAV,MEL
HAV,MDZ
HAV,MVD
HAV,NQN
HAV,PER
HAV,PIU
HAV,PUQ
HAV,UIO
HAV,RIO
HAV,RIO
HAV,RIO
HAV,SLA
HAV,SRZ
HAV,SCL
HAV,SAO
HAV,SAO
HAV,SAO
HAV,SYD
HAV,TCQ
HAV,TYL
HAV,TRU
HAV,TUC
HAV,USH
HAV,ZAL
IOS,ADL
IOS,ALC
IOS,LEI
IOS,AMS
IOS,OVD
IOS,BCN
IOS,BER
IOS,BER
IOS,BER
IOS,BIO
IOS,BLQ
IOS,BOD
IOS,BRE
IOS,BRU
IOS,BRU
IOS,BRU
IOS,CNS
IOS,CUN
IOS,MEX
IOS,CPH
IOS,DRW
IOS,DUS
IOS,EDI
IOS,STO
IOS,STO
IOS,STO
IOS,STO
IOS,STO
IOS,SXB
IOS,FRA
IOS,FRA
IOS,FRA
IOS,GVA
IOS,GLA
IOS,GLA
IOS,GLA
IOS,GRX
IOS,GDL
IOS,HAM
IOS,HAJ
IOS,HEL
IOS,HBA
IOS,IBZ
IOS,JNB
IOS,LCG
IOS,LPA
IOS,LON
IOS,LYS
IOS,LYS
IOS,LYS
IOS,MAD
IOS,MAN
IOS,MRS
IOS,MEL
IOS,MEL
IOS,MEL
IOS,MIL
IOS,MIL
IOS,MIL
IOS,MIL
IOS,MIL
IOS,MTY
IOS,MVD
IOS,MUC
IOS,AGP
IOS,MID
IOS,NTE
IOS,NCE
IOS,OSL
IOS,OSL
IOS,OSL
IOS,PMI
IOS,PNA
IOS,PAR
IOS,PAR
IOS,PAR
IOS,PAR
IOS,PER
IOS,PUJ
IOS,ROM
IOS,ROM
IOS,ROM
IOS,EAS
IOS,SDR
IOS,SCL
IOS,SCQ
IOS,SVQ
IOS,STR
IOS,SYD
IOS,TLV
IOS,TLV
IOS,TLV
IOS,TCI
IOS,TCI
IOS,TCI
IOS,TIJ
IOS,TLS
IOS,TRN
IOS,VLC
IOS,VCE
IOS,VCE
IOS,VCE
IOS,VIE
IOS,VGO
IOS,VSA
IOS,ZRH
IMP,ADL
IMP,ALC
IMP,LEI
IMP,AMS
IMP,OVD
IMP,BCN
IMP,BER
IMP,BER
IMP,BER
IMP,BIO
IMP,BLQ
IMP,BOD
IMP,BRE
IMP,BRU
IMP,BRU
IMP,BRU
IMP,CNS
IMP,CUN
IMP,MEX
IMP,CPH
IMP,DRW
IMP,DUS
IMP,EDI
IMP,STO
IMP,STO
IMP,STO
IMP,STO
IMP,STO
IMP,SXB
IMP,FRA
IMP,FRA
IMP,FRA
IMP,GVA
IMP,GLA
IMP,GLA
IMP,GLA
IMP,GRX
IMP,GDL
IMP,HAM
IMP,HAJ
IMP,HEL
IMP,HBA
IMP,IBZ
IMP,JNB
IMP,LCG
IMP,LPA
IMP,LON
IMP,LYS
IMP,LYS
IMP,LYS
IMP,MAD
IMP,MAN
IMP,MRS
IMP,MEL
IMP,MEL
IMP,MEL
IMP,MIL
IMP,MIL
IMP,MIL
IMP,MIL
IMP,MIL
IMP,MTY
IMP,MVD
IMP,MUC
IMP,AGP
IMP,MID
IMP,NTE
IMP,NCE
IMP,OSL
IMP,OSL
IMP,OSL
IMP,PMI
IMP,PNA
IMP,PAR
IMP,PAR
IMP,PAR
IMP,PAR
IMP,PER
IMP,PUJ
IMP,ROM
IMP,ROM
IMP,ROM
IMP,EAS
IMP,SDR
IMP,SCQ
IMP,SVQ
IMP,STR
IMP,SYD
IMP,TLV
IMP,TLV
IMP,TLV
IMP,TCI
IMP,TCI
IMP,TCI
IMP,TIJ
IMP,TLS
IMP,TRN
IMP,VLC
IMP,VCE
IMP,VCE
IMP,VCE
IMP,VIE
IMP,VGO
IMP,VSA
IMP,ZRH
JPA,ADL
JPA,ALC
JPA,LEI
JPA,AMS
JPA,ANF
JPA,ARI
JPA,OVD
JPA,BBA
JPA,BCN
JPA,BER
JPA,BER
JPA,BER
JPA,BIO
JPA,BLQ
JPA,BOD
JPA,BRE
JPA,BRU
JPA,BRU
JPA,BRU
JPA,CNS
JPA,CJC
JPA,CUN
JPA,WCA
JPA,MEX
JPA,CCP
JPA,CPH
JPA,CPO
JPA,DRW
JPA,DUS
JPA,EDI
JPA,STO
JPA,STO
JPA,STO
JPA,STO
JPA,STO
JPA,SXB
JPA,FRA
JPA,FRA
JPA,FRA
JPA,GVA
JPA,GLA
JPA,GLA
JPA,GLA
JPA,GRX
JPA,GDL
JPA,HAM
JPA,HAJ
JPA,HEL
JPA,HBA
JPA,IBZ
JPA,IQQ
JPA,JNB
JPA,LCG
JPA,LSC
JPA,LPA
JPA,LON
JPA,LYS
JPA,LYS
JPA,LYS
JPA,MAD
JPA,MAN
JPA,MRS
JPA,MEL
JPA,MEL
JPA,MEL
JPA,MIL
JPA,MIL
JPA,MIL
JPA,MIL
JPA,MIL
JPA,MTY
JPA,MVD
JPA,MUC
JPA,AGP
JPA,MID
JPA,NTE
JPA,NCE
JPA,OSL
JPA,OSL
JPA,OSL
JPA,ZOS
JPA,PMI
JPA,PNA
JPA,PAR
JPA,PAR
JPA,PAR
JPA,PAR
JPA,PER
JPA,PMC
JPA,PUQ
JPA,PUJ
JPA,PDP
JPA,ROM
JPA,ROM
JPA,ROM
JPA,EAS
JPA,SDR
JPA,SCL
JPA,SCQ
JPA,SAO
JPA,SAO
JPA,SAO
JPA,SVQ
JPA,STR
JPA,SYD
JPA,TLV
JPA,TLV
JPA,TLV
JPA,ZCO
JPA,TCI
JPA,TCI
JPA,TCI
JPA,TIJ
JPA,TLS
JPA,TRN
JPA,ZAL
JPA,VLC
JPA,VCE
JPA,VCE
JPA,VCE
JPA,VIE
JPA,VGO
JPA,VSA
JPA,ZRH
JNB,ANF
JNB,AJU
JNB,ARU
JNB,AQP
JNB,ARI
JNB,AXM
JNB,ASU
JNB,BHI
JNB,BBA
JNB,GPS
JNB,BRC
JNB,BAQ
JNB,BEL
JNB,BHZ
JNB,BVB
JNB,BOG
JNB,BSB
JNB,BGA
JNB,BUE
JNB,BUE
JNB,BUE
JNB,CJA
JNB,CJC
JNB,CLO
JNB,CGR
JNB,CUN
JNB,CTG
JNB,CAC
JNB,CXJ
JNB,CIX
JNB,MEX
JNB,AGT
JNB,CBB
JNB,CRD
JNB,CCP
JNB,CPO
JNB,CNQ
JNB,CUE
JNB,CGB
JNB,CWB
JNB,CUZ
JNB,COR
JNB,CUC
JNB,FTE
JNB,FEN
JNB,FLN
JNB,FOR
JNB,IGU
JNB,GYN
JNB,GYE
JNB,IBE
JNB,IGR
JNB,IOS
JNB,IMP
JNB,IQQ
JNB,IQT
JNB,IPC
JNB,ADZ
JNB,JPR
JNB,JPA
JNB,JOI
JNB,JUJ
JNB,JUL
JNB,HAV
JNB,LPB
JNB,LSC
JNB,LET
JNB,LIM
JNB,LOH
JNB,LDB
JNB,MCP
JNB,MCZ
JNB,MAO
JNB,MZL
JNB,MAB
JNB,MGF
JNB,MDZ
JNB,MTR
JNB,MVD
JNB,NAT
JNB,NVT
JNB,NVA
JNB,NQN
JNB,ZOS
JNB,PMW
JNB,PEI
JNB,PNZ
JNB,PIU
JNB,POA
JNB,BPS
JNB,PVH
JNB,PSS
JNB,PCL
JNB,PUU
JNB,PEM
JNB,PMC
JNB,PUQ
JNB,PUJ
JNB,UIB
JNB,UIO
JNB,REC
JNB,RAO
JNB,ROS
JNB,RBR
JNB,RIO
JNB,RIO
JNB,RIO
JNB,RGL
JNB,SLA
JNB,SSA
JNB,SCY
JNB,UAQ
JNB,SMR
JNB,STM
JNB,SCL
JNB,SJP
JNB,SLZ
JNB,SAO
JNB,SAO
JNB,SAO
JNB,SRE
JNB,TCQ
JNB,TPP
JNB,ZCO
JNB,THE
JNB,YTO
JNB,REL
JNB,TRU
JNB,TUC
JNB,TCO
JNB,TBP
JNB,UDI
JNB,USH
JNB,ZAL
JNB,VUP
JNB,VVC
JNB,VIX
JNB,WAS
JNB,EYP
JOI,ADL
JOI,ALC
JOI,LEI
JOI,AMS
JOI,OVD
JOI,BCN
JOI,BER
JOI,BER
JOI,BER
JOI,BIO
JOI,BLQ
JOI,BOD
JOI,BRE
JOI,BRU
JOI,BRU
JOI,BRU
JOI,CNS
JOI,CUN
JOI,MEX
JOI,CPH
JOI,DRW
JOI,DUS
JOI,EDI
JOI,STO
JOI,STO
JOI,STO
JOI,STO
JOI,STO
JOI,SXB
JOI,FRA
JOI,FRA
JOI,FRA
JOI,GVA
JOI,GLA
JOI,GLA
JOI,GLA
JOI,GRX
JOI,GDL
JOI,HAM
JOI,HAJ
JOI,HEL
JOI,HBA
JOI,IBZ
JOI,JNB
JOI,LCG
JOI,LPA
JOI,LON
JOI,LYS
JOI,LYS
JOI,LYS
JOI,MAD
JOI,MAN
JOI,MRS
JOI,MEL
JOI,MEL
JOI,MEL
JOI,MIL
JOI,MIL
JOI,MIL
JOI,MIL
JOI,MIL
JOI,MTY
JOI,MVD
JOI,MUC
JOI,AGP
JOI,MID
JOI,NTE
JOI,NCE
JOI,OSL
JOI,OSL
JOI,OSL
JOI,PMI
JOI,PNA
JOI,PAR
JOI,PAR
JOI,PAR
JOI,PAR
JOI,PER
JOI,ROM
JOI,ROM
JOI,ROM
JOI,EAS
JOI,SDR
JOI,SCQ
JOI,SVQ
JOI,STR
JOI,SYD
JOI,TLV
JOI,TLV
JOI,TLV
JOI,TCI
JOI,TCI
JOI,TCI
JOI,TIJ
JOI,TLS
JOI,TRN
JOI,VLC
JOI,VCE
JOI,VCE
JOI,VCE
JOI,VIE
JOI,VGO
JOI,VSA
JOI,ZRH
JDO,BUE
JDO,BUE
JDO,BUE
JDO,PUJ
LPA,ANF
LPA,AJU
LPA,AQP
LPA,ARI
LPA,ASU
LPA,AYP
LPA,BHI
LPA,BBA
LPA,GPS
LPA,BRC
LPA,BAQ
LPA,BEL
LPA,BHZ
LPA,BVB
LPA,BOG
LPA,BSB
LPA,BGA
LPA,BUE
LPA,BUE
LPA,BUE
LPA,CJA
LPA,CJC
LPA,CLO
LPA,CGR
LPA,CTG
LPA,WCA
LPA,CIX
LPA,AGT
LPA,CRD
LPA,CCP
LPA,CPO
LPA,CUE
LPA,CGB
LPA,CWB
LPA,CWB
LPA,CWB
LPA,CUZ
LPA,COR
LPA,CUC
LPA,FTE
LPA,FLN
LPA,FOR
LPA,IGU
LPA,GYN
LPA,GYE
LPA,IGR
LPA,IOS
LPA,IMP
LPA,IQQ
LPA,IQT
LPA,IPC
LPA,ADZ
LPA,JPA
LPA,JOI
LPA,JUL
LPA,LPB
LPA,LSC
LPA,LET
LPA,LIM
LPA,LDB
LPA,MCP
LPA,MCZ
LPA,MAO
LPA,MAB
LPA,MDE
LPA,MDZ
LPA,MTR
LPA,MVD
LPA,MVA
LPA,NAT
LPA,NVT
LPA,NQN
LPA,ZOS
LPA,PMW
LPA,PEI
LPA,PIU
LPA,POA
LPA,BPS
LPA,PVH
LPA,PCL
LPA,PEM
LPA,PMC
LPA,PUQ
LPA,UIO
LPA,REC
LPA,RAO
LPA,ROS
LPA,RIO
LPA,RIO
LPA,RIO
LPA,RGL
LPA,SLA
LPA,SSA
LPA,SCY
LPA,UAQ
LPA,SRZ
LPA,SMR
LPA,STM
LPA,SCL
LPA,SJP
LPA,SLZ
LPA,SAO
LPA,SAO
LPA,SAO
LPA,TCQ
LPA,TYL
LPA,TPP
LPA,ZCO
LPA,THE
LPA,TRU
LPA,TUC
LPA,TBP
LPA,UDI
LPA,USH
LPA,ZAL
LPA,VUP
LPA,VIX
LPA,EYP
LAS,AYP
LAS,BHZ
LAS,BOG
LAS,BSB
LAS,BUE
LAS,BUE
LAS,BUE
LAS,MEX
LAS,MEX
LAS,MEX
LAS,MEX
LAS,CWB
LAS,CWB
LAS,CWB
LAS,FLN
LAS,FOR
LAS,IGU
LAS,GYN
LAS,GYE
LAS,LIM
LAS,MAO
LAS,MVD
LAS,NAT
LAS,POA
LAS,UIO
LAS,REC
LAS,ROS
LAS,RIO
LAS,RIO
LAS,RIO
LAS,SSA
LAS,SCL
LAS,SAO
LAS,SAO
LAS,SAO
LAS,TYL
LAS,VIX
LIM,YXX
LIM,ABZ
LIM,AUH
LIM,ACA
LIM,ADL
LIM,AGU
LIM,ALG
LIM,ALC
LIM,LEI
LIM,AMM
LIM,AMS
LIM,ANC
LIM,ANU
LIM,ANF
LIM,AJU
LIM,AQP
LIM,AUA
LIM,ASE
LIM,OVD
LIM,ASU
LIM,ATH
LIM,ATL
LIM,AKL
LIM,AYP
LIM,BHI
LIM,BBA
LIM,GPS
LIM,BLR
LIM,BKK
LIM,BCN
LIM,BRC
LIM,BAQ
LIM,BJS
LIM,BEY
LIM,BEL
LIM,BFS
LIM,BFS
LIM,BFS
LIM,BHZ
LIM,BGO
LIM,BER
LIM,BER
LIM,BER
LIM,BDA
LIM,BIO
LIM,BHM
LIM,BOG
LIM,BOI
LIM,BLQ
LIM,BOD
LIM,BOS
LIM,BZN
LIM,YBR
LIM,BSB
LIM,BRE
LIM,BGI
LIM,BNE
LIM,BRU
LIM,BRU
LIM,BRU
LIM,BGA
LIM,BUH
LIM,BUD
LIM,BUE
LIM,BUE
LIM,BUE
LIM,PUS
LIM,CNS
LIM,CAI
LIM,CJA
LIM,CJC
LIM,YYC
LIM,CLO
LIM,CPE
LIM,CGR
LIM,CBR
LIM,CUN
LIM,CAN
LIM,CTG
LIM,CEB
LIM,CSX
LIM,CLT
LIM,YYG
LIM,CTU
LIM,MAA
LIM,CNX
LIM,CHI
LIM,CIX
LIM,CUU
LIM,CHC
LIM,CVG
LIM,GUA
LIM,MEX
LIM,MEX
LIM,MEX
LIM,MEX
LIM,PTY
LIM,CPT
LIM,CME
LIM,CJS
LIM,CEN
LIM,CLE
LIM,CMH
LIM,CRD
LIM,CCP
LIM,CPH
LIM,CPO
LIM,CZM
LIM,CUE
LIM,CUL
LIM,CUR
LIM,CWB
LIM,CWB
LIM,CWB
LIM,CUZ
LIM,COR
LIM,CUC
LIM,TAE
LIM,DLC
LIM,DFW
LIM,DRW
LIM,YDF
LIM,DPS
LIM,DEN
LIM,DTT
LIM,DXB
LIM,DUB
LIM,DUD
LIM,DGO
LIM,DUS
LIM,EDI
LIM,YEA
LIM,YEA
LIM,YEA
LIM,YEA
LIM,FTE
LIM,IST
LIM,STO
LIM,STO
LIM,STO
LIM,STO
LIM,STO
LIM,SXB
LIM,EUG
LIM,FYV
LIM,FLN
LIM,YXJ
LIM,FOR
LIM,IGU
LIM,FRA
LIM,FRA
LIM,FRA
LIM,FPO
LIM,FAT
LIM,FUE
LIM,FUK
LIM,GNV
LIM,GCM
LIM,GVA
LIM,GLA
LIM,GLA
LIM,GLA
LIM,OOL
LIM,GOT
LIM,GOT
LIM,GOT
LIM,GRX
LIM,GSO
LIM,GDL
LIM,GYE
LIM,KWJ
LIM,YHZ
LIM,YHZ
LIM,YHZ
LIM,HAM
LIM,YHM
LIM,HAJ
LIM,HAN
LIM,HFD
LIM,HEL
LIM,HMO
LIM,SGN
LIM,HBA
LIM,HKG
LIM,HOU
LIM,HOU
LIM,HOU
LIM,HYD
LIM,IBZ
LIM,IGR
LIM,IND
LIM,IQQ
LIM,IQT
LIM,IPC
LIM,ADZ
LIM,ZIH
LIM,JAX
LIM,CGK
LIM,CJU
LIM,XRY
LIM,TNA
LIM,HIN
LIM,JNB
LIM,JUL
LIM,OGG
LIM,FCA
LIM,YKA
LIM,MKC
LIM,KTM
LIM,LIH
LIM,YLW
LIM,EYW
LIM,KBP
LIM,YKF
LIM,KMQ
LIM,KOA
LIM,KUL
LIM,KCH
LIM,LCG
LIM,HAV
LIM,LAP
LIM,LPB
LIM,LRM
LIM,LSC
LIM,LGK
LIM,ACE
LIM,LAS
LIM,LBA
LIM,BJX
LIM,LIS
LIM,LON
LIM,LGB
LIM,LTO
LIM,LMM
LIM,LAX
LIM,SDF
LIM,LUX
LIM,LYS
LIM,LYS
LIM,LYS
LIM,MCZ
LIM,MAD
LIM,MLE
LIM,MMH
LIM,MGA
LIM,MAO
LIM,MAN
LIM,MNL
LIM,ZLO
LIM,RAK
LIM,MRS
LIM,MAM
LIM,MYJ
LIM,MDE
LIM,MFR
LIM,MEL
LIM,MEL
LIM,MEL
LIM,MLN
LIM,MEM
LIM,MDZ
LIM,MAH
LIM,MIA
LIM,MIL
LIM,MIL
LIM,MIL
LIM,MIL
LIM,MIL
LIM,MSP
LIM,MSO
LIM,MBJ
LIM,MTY
LIM,MTY
LIM,MTY
LIM,MTR
LIM,MVD
LIM,YMQ
LIM,YMQ
LIM,YMQ
LIM,YMQ
LIM,MLM
LIM,MOW
LIM,MOW
LIM,MOW
LIM,MOW
LIM,BOM
LIM,MUC
LIM,AGP
LIM,MID
LIM,NGO
LIM,NBO
LIM,YCD
LIM,YCD
LIM,YCD
LIM,NKG
LIM,NTE
LIM,BNA
LIM,NAS
LIM,NAT
LIM,NVT
LIM,NQN
LIM,NCL
LIM,NCE
LIM,ORF
LIM,DEL
LIM,MSY
LIM,NYC
LIM,NLD
LIM,OAK
LIM,OAX
LIM,OKC
LIM,OPO
LIM,ORL
LIM,OSL
LIM,OSL
LIM,OSL
LIM,ZOS
LIM,YOW
LIM,YOW
LIM,YOW
LIM,PMI
LIM,PSP
LIM,PPT
LIM,PAR
LIM,PAR
LIM,PAR
LIM,PAR
LIM,PNS
LIM,PEI
LIM,PER
LIM,PHL
LIM,PHX
LIM,HKT
LIM,PIT
LIM,PIU
LIM,KPO
LIM,POS
LIM,PDX
LIM,POA
LIM,PAZ
LIM,PRG
LIM,YXS
LIM,PLS
LIM,PCL
LIM,PEM
LIM,PMC
LIM,POP
LIM,PAP
LIM,PVR
LIM,PUQ
LIM,PUJ
LIM,PDP
LIM,YQB
LIM,ZQN
LIM,TAO
LIM,UIO
LIM,RDU
LIM,REC
LIM,RDM
LIM,RNO
LIM,REX
LIM,RIC
LIM,RTB
LIM,ROM
LIM,ROM
LIM,ROM
LIM,RTM
LIM,RIO
LIM,RIO
LIM,RIO
LIM,RGL
LIM,SAC
LIM,YYT
LIM,STL
LIM,SLC
LIM,SLA
LIM,SSA
LIM,SAT
LIM,SKB
LIM,SCY
LIM,SAN
LIM,SFO
LIM,SJC
LIM,SJD
LIM,SJO
LIM,SJO
LIM,SJO
LIM,SJU
LIM,SJU
LIM,SJU
LIM,UAQ
LIM,SLP
LIM,SAP
LIM,LED
LIM,SAL
LIM,SRZ
LIM,SMR
LIM,STS
LIM,SDR
LIM,SCL
LIM,SCQ
LIM,SDQ
LIM,SDQ
LIM,SDQ
LIM,SLZ
LIM,SAO
LIM,SAO
LIM,SAO
LIM,YXE
LIM,SEA
LIM,SVQ
LIM,SEL
LIM,SEL
LIM,SEL
LIM,SEL
LIM,SHA
LIM,SHA
LIM,SHA
LIM,SZX
LIM,SIN
LIM,SOF
LIM,STT
LIM,SVG
LIM,STR
LIM,SYD
LIM,TCQ
LIM,TPE
LIM,TYL
LIM,TLH
LIM,TPA
LIM,TAM
LIM,TAP
LIM,TPP
LIM,TGU
LIM,TLV
LIM,TLV
LIM,TLV
LIM,ZCO
LIM,YXT
LIM,YQT
LIM,TIJ
LIM,TYO
LIM,TYO
LIM,TYO
LIM,YTO
LIM,YTO
LIM,YTO
LIM,YTO
LIM,TRC
LIM,TLS
LIM,TRU
LIM,TUC
LIM,TUL
LIM,TBP
LIM,TRN
LIM,UDI
LIM,USN
LIM,USH
LIM,ZAL
LIM,VLC
LIM,VUP
LIM,YVR
LIM,YVR
LIM,YVR
LIM,YVR
LIM,WAW
LIM,VCE
LIM,VCE
LIM,VCE
LIM,VER
LIM,YYJ
LIM,YYJ
LIM,YYJ
LIM,VIE
LIM,VGO
LIM,VSA
LIM,WAS
LIM,WAS
LIM,WAS
LIM,WLG
LIM,PBI
LIM,YXY
LIM,YQG
LIM,YWG
LIM,WUH
LIM,XIY
LIM,YZF
LIM,RSU
LIM,EYP
LIM,ZCL
LIM,ZAG
LIM,CGO
LIM,ZRH
LDB,ADL
LDB,ALC
LDB,LEI
LDB,AMS
LDB,OVD
LDB,BCN
LDB,BER
LDB,BER
LDB,BER
LDB,BIO
LDB,BLQ
LDB,BOD
LDB,BOS
LDB,BRE
LDB,BRU
LDB,BRU
LDB,BRU
LDB,CNS
LDB,CUN
LDB,MEX
LDB,CPH
LDB,DRW
LDB,DUS
LDB,EDI
LDB,STO
LDB,STO
LDB,STO
LDB,STO
LDB,STO
LDB,SXB
LDB,FRA
LDB,FRA
LDB,FRA
LDB,GVA
LDB,GLA
LDB,GLA
LDB,GLA
LDB,GRX
LDB,GDL
LDB,HAM
LDB,HAJ
LDB,HEL
LDB,HBA
LDB,IBZ
LDB,JNB
LDB,LCG
LDB,LPA
LDB,LON
LDB,LYS
LDB,LYS
LDB,LYS
LDB,MAD
LDB,MAN
LDB,MRS
LDB,MEL
LDB,MEL
LDB,MEL
LDB,MIL
LDB,MIL
LDB,MIL
LDB,MIL
LDB,MIL
LDB,MTY
LDB,MVD
LDB,MUC
LDB,AGP
LDB,MID
LDB,NTE
LDB,NCE
LDB,NYC
LDB,OSL
LDB,OSL
LDB,OSL
LDB,PMI
LDB,PNA
LDB,PAR
LDB,PAR
LDB,PAR
LDB,PAR
LDB,PER
LDB,ROM
LDB,ROM
LDB,ROM
LDB,EAS
LDB,SDR
LDB,SCQ
LDB,SAO
LDB,SAO
LDB,SAO
LDB,SVQ
LDB,STR
LDB,SYD
LDB,TLV
LDB,TLV
LDB,TLV
LDB,TCI
LDB,TCI
LDB,TCI
LDB,TIJ
LDB,TLS
LDB,TRN
LDB,VLC
LDB,VCE
LDB,VCE
LDB,VCE
LDB,VIE
LDB,VGO
LDB,VSA
LDB,ZRH
MCP,ADL
MCP,ALC
MCP,LEI
MCP,AMS
MCP,OVD
MCP,BCN
MCP,BER
MCP,BER
MCP,BER
MCP,BIO
MCP,BLQ
MCP,BOD
MCP,BRE
MCP,BRU
MCP,BRU
MCP,BRU
MCP,CNS
MCP,CUN
MCP,MEX
MCP,CPH
MCP,DRW
MCP,DUS
MCP,EDI
MCP,STO
MCP,STO
MCP,STO
MCP,STO
MCP,STO
MCP,SXB
MCP,FRA
MCP,FRA
MCP,FRA
MCP,GVA
MCP,GLA
MCP,GLA
MCP,GLA
MCP,GRX
MCP,GDL
MCP,HAM
MCP,HAJ
MCP,HEL
MCP,HBA
MCP,IBZ
MCP,JNB
MCP,LCG
MCP,LPA
MCP,LON
MCP,LYS
MCP,LYS
MCP,LYS
MCP,MAD
MCP,MAN
MCP,MRS
MCP,MEL
MCP,MEL
MCP,MEL
MCP,MIL
MCP,MIL
MCP,MIL
MCP,MIL
MCP,MIL
MCP,MTY
MCP,MVD
MCP,MUC
MCP,AGP
MCP,MID
MCP,NTE
MCP,NCE
MCP,OSL
MCP,OSL
MCP,OSL
MCP,PMI
MCP,PNA
MCP,PAR
MCP,PAR
MCP,PAR
MCP,PAR
MCP,PER
MCP,PUJ
MCP,ROM
MCP,ROM
MCP,ROM
MCP,EAS
MCP,SDR
MCP,SCQ
MCP,SVQ
MCP,STR
MCP,SYD
MCP,TLV
MCP,TLV
MCP,TLV
MCP,TCI
MCP,TCI
MCP,TCI
MCP,TIJ
MCP,TLS
MCP,TRN
MCP,VLC
MCP,VCE
MCP,VCE
MCP,VCE
MCP,VIE
MCP,VGO
MCP,VSA
MCP,ZRH
MCZ,ADL
MCZ,ALC
MCZ,LEI
MCZ,AMS
MCZ,OVD
MCZ,AKL
MCZ,BCN
MCZ,BER
MCZ,BER
MCZ,BER
MCZ,BIO
MCZ,BOG
MCZ,BLQ
MCZ,BOD
MCZ,BRE
MCZ,BRU
MCZ,BRU
MCZ,BRU
MCZ,BUE
MCZ,BUE
MCZ,BUE
MCZ,CNS
MCZ,CUN
MCZ,MEX
MCZ,CPH
MCZ,COR
MCZ,DRW
MCZ,DUS
MCZ,EDI
MCZ,STO
MCZ,STO
MCZ,STO
MCZ,STO
MCZ,STO
MCZ,SXB
MCZ,FRA
MCZ,FRA
MCZ,FRA
MCZ,GVA
MCZ,GLA
MCZ,GLA
MCZ,GLA
MCZ,GRX
MCZ,GDL
MCZ,HAM
MCZ,HAJ
MCZ,HEL
MCZ,HBA
MCZ,IBZ
MCZ,JNB
MCZ,LCG
MCZ,LPA
MCZ,LIM
MCZ,LON
MCZ,LYS
MCZ,LYS
MCZ,LYS
MCZ,MAD
MCZ,MAN
MCZ,MRS
MCZ,MEL
MCZ,MEL
MCZ,MEL
MCZ,MDZ
MCZ,MIL
MCZ,MIL
MCZ,MIL
MCZ,MIL
MCZ,MIL
MCZ,MTY
MCZ,MVD
MCZ,MUC
MCZ,AGP
MCZ,MID
MCZ,NTE
MCZ,NCE
MCZ,OSL
MCZ,OSL
MCZ,OSL
MCZ,PMI
MCZ,PNA
MCZ,PAR
MCZ,PAR
MCZ,PAR
MCZ,PAR
MCZ,PER
MCZ,PUQ
MCZ,PUJ
MCZ,PDP
MCZ,ROM
MCZ,ROM
MCZ,ROM
MCZ,ROS
MCZ,EAS
MCZ,SDR
MCZ,SCL
MCZ,SCQ
MCZ,SAO
MCZ,SAO
MCZ,SAO
MCZ,SVQ
MCZ,STR
MCZ,SYD
MCZ,TLV
MCZ,TLV
MCZ,TLV
MCZ,TCI
MCZ,TCI
MCZ,TCI
MCZ,TIJ
MCZ,TLS
MCZ,TRN
MCZ,VLC
MCZ,VCE
MCZ,VCE
MCZ,VCE
MCZ,VIE
MCZ,VGO
MCZ,VSA
MCZ,ZRH
MAD,ANF
MAD,AJU
MAD,AQP
MAD,ARI
MAD,ASU
MAD,AKL
MAD,AYP
MAD,BHI
MAD,BBA
MAD,GPS
MAD,BRC
MAD,BAQ
MAD,BEL
MAD,BHZ
MAD,BVB
MAD,BOG
MAD,BSB
MAD,BGA
MAD,BUE
MAD,BUE
MAD,BUE
MAD,CJA
MAD,CJC
MAD,CLO
MAD,CGR
MAD,CTG
MAD,WCA
MAD,CIX
MAD,AGT
MAD,CRD
MAD,CCP
MAD,CPO
MAD,CUE
MAD,CGB
MAD,CWB
MAD,CWB
MAD,CWB
MAD,CUZ
MAD,COR
MAD,CUC
MAD,FTE
MAD,FLN
MAD,FOR
MAD,IGU
MAD,FRA
MAD,FRA
MAD,FRA
MAD,GYN
MAD,GYE
MAD,IGR
MAD,IOS
MAD,IMP
MAD,IQQ
MAD,IQT
MAD,IPC
MAD,ADZ
MAD,JPA
MAD,JOI
MAD,JUL
MAD,HAV
MAD,LPB
MAD,LSC
MAD,LET
MAD,LIM
MAD,LDB
MAD,LAX
MAD,MCP
MAD,MCZ
MAD,MAO
MAD,MAB
MAD,MDE
MAD,MDZ
MAD,MIA
MAD,MTR
MAD,MVD
MAD,MPN
MAD,MVA
MAD,NAT
MAD,NVT
MAD,NQN
MAD,NYC
MAD,ORL
MAD,ZOS
MAD,PMW
MAD,PPT
MAD,PEI
MAD,PIU
MAD,POA
MAD,BPS
MAD,PVH
MAD,PCL
MAD,PEM
MAD,PMC
MAD,PUQ
MAD,UIO
MAD,REC
MAD,RAO
MAD,ROS
MAD,RIO
MAD,RIO
MAD,RIO
MAD,RGL
MAD,SLA
MAD,SSA
MAD,SCY
MAD,UAQ
MAD,SRZ
MAD,SMR
MAD,STM
MAD,SCL
MAD,SJP
MAD,SLZ
MAD,SAO
MAD,SAO
MAD,SAO
MAD,TCQ
MAD,TYL
MAD,TPP
MAD,ZCO
MAD,THE
MAD,TRU
MAD,TUC
MAD,TBP
MAD,UDI
MAD,USH
MAD,ZAL
MAD,VUP
MAD,VIX
MAD,EYP
MAO,ALC
MAO,LEI
MAO,AMS
MAO,ANF
MAO,OVD
MAO,ATL
MAO,BCN
MAO,BER
MAO,BER
MAO,BER
MAO,BIO
MAO,BOG
MAO,BLQ
MAO,BOD
MAO,BOS
MAO,BSB
MAO,BRE
MAO,BRU
MAO,BRU
MAO,BRU
MAO,BUE
MAO,BUE
MAO,BUE
MAO,CUN
MAO,CLT
MAO,CHI
MAO,MEX
MAO,CPH
MAO,CUZ
MAO,COR
MAO,DFW
MAO,DEN
MAO,DTT
MAO,DUS
MAO,EDI
MAO,STO
MAO,STO
MAO,STO
MAO,STO
MAO,STO
MAO,SXB
MAO,IGU
MAO,FRA
MAO,FRA
MAO,FRA
MAO,GVA
MAO,GLA
MAO,GLA
MAO,GLA
MAO,GRX
MAO,GDL
MAO,GYE
MAO,HAM
MAO,HAJ
MAO,HEL
MAO,HOU
MAO,HOU
MAO,HOU
MAO,IBZ
MAO,JAX
MAO,JNB
MAO,LCG
MAO,LPA
MAO,LAS
MAO,LIM
MAO,LON
MAO,LAX
MAO,LYS
MAO,LYS
MAO,LYS
MAO,MAD
MAO,MAN
MAO,MRS
MAO,MIA
MAO,MIL
MAO,MIL
MAO,MIL
MAO,MIL
MAO,MIL
MAO,MTY
MAO,MVD
MAO,MUC
MAO,AGP
MAO,MID
MAO,NTE
MAO,BNA
MAO,NCE
MAO,MSY
MAO,NYC
MAO,ORL
MAO,OSL
MAO,OSL
MAO,OSL
MAO,PMI
MAO,PNA
MAO,PAR
MAO,PAR
MAO,PAR
MAO,PAR
MAO,PHL
MAO,PHX
MAO,PMC
MAO,PUJ
MAO,PDP
MAO,UIO
MAO,RDU
MAO,ROM
MAO,ROM
MAO,ROM
MAO,RIO
MAO,RIO
MAO,RIO
MAO,SSA
MAO,SAN
MAO,SFO
MAO,EAS
MAO,SDR
MAO,SCL
MAO,SCQ
MAO,SAO
MAO,SAO
MAO,SAO
MAO,SEA
MAO,SVQ
MAO,STR
MAO,TPA
MAO,TLV
MAO,TLV
MAO,TLV
MAO,TCI
MAO,TCI
MAO,TCI
MAO,TIJ
MAO,TLS
MAO,TRN
MAO,USH
MAO,VLC
MAO,VCE
MAO,VCE
MAO,VCE
MAO,VIE
MAO,VGO
MAO,VSA
MAO,WAS
MAO,WAS
MAO,WAS
MAO,ZRH
MDZ,ADL
MDZ,ALC
MDZ,LEI
MDZ,AMS
MDZ,ANF
MDZ,AQP
MDZ,ARI
MDZ,AUA
MDZ,OVD
MDZ,ASU
MDZ,AKL
MDZ,AYP
MDZ,BHI
MDZ,BBA
MDZ,GPS
MDZ,BCN
MDZ,BRC
MDZ,BAQ
MDZ,BEL
MDZ,BHZ
MDZ,BER
MDZ,BER
MDZ,BER
MDZ,BIO
MDZ,BOG
MDZ,BLQ
MDZ,BOD
MDZ,BSB
MDZ,BRE
MDZ,BRU
MDZ,BRU
MDZ,BRU
MDZ,BGA
MDZ,BUE
MDZ,BUE
MDZ,BUE
MDZ,CNS
MDZ,CJA
MDZ,CJC
MDZ,YYC
MDZ,CLO
MDZ,CUN
MDZ,CTG
MDZ,CHI
MDZ,CIX
MDZ,MEX
MDZ,MEX
MDZ,MEX
MDZ,MEX
MDZ,CME
MDZ,CRD
MDZ,CCP
MDZ,CPH
MDZ,CPO
MDZ,CWB
MDZ,CWB
MDZ,CWB
MDZ,CUZ
MDZ,COR
MDZ,DFW
MDZ,DRW
MDZ,DUS
MDZ,EDI
MDZ,YEA
MDZ,FTE
MDZ,STO
MDZ,STO
MDZ,STO
MDZ,STO
MDZ,STO
MDZ,SXB
MDZ,FLN
MDZ,FRA
MDZ,FRA
MDZ,FRA
MDZ,GVA
MDZ,GLA
MDZ,GLA
MDZ,GLA
MDZ,GRX
MDZ,GDL
MDZ,GYE
MDZ,HAM
MDZ,HAJ
MDZ,HEL
MDZ,HMO
MDZ,HBA
MDZ,IBZ
MDZ,IGR
MDZ,IQQ
MDZ,IQT
MDZ,IPC
MDZ,ADZ
MDZ,JNB
MDZ,JUL
MDZ,LCG
MDZ,HAV
MDZ,LPB
MDZ,LSC
MDZ,LPA
MDZ,BJX
MDZ,LIM
MDZ,LAX
MDZ,LYS
MDZ,LYS
MDZ,LYS
MDZ,MCZ
MDZ,MAD
MDZ,MAN
MDZ,MRS
MDZ,MDE
MDZ,MEL
MDZ,MEL
MDZ,MEL
MDZ,MIA
MDZ,MTY
MDZ,MTY
MDZ,MTY
MDZ,MTR
MDZ,MVD
MDZ,YMQ
MDZ,MUC
MDZ,AGP
MDZ,MID
MDZ,NTE
MDZ,NAT
MDZ,NQN
MDZ,NCE
MDZ,NYC
MDZ,OMA
MDZ,OSL
MDZ,OSL
MDZ,OSL
MDZ,ZOS
MDZ,YOW
MDZ,PMI
MDZ,PNA
MDZ,PPT
MDZ,PEI
MDZ,PER
MDZ,PIU
MDZ,POA
MDZ,PEM
MDZ,PMC
MDZ,PVR
MDZ,PUQ
MDZ,PUJ
MDZ,YQB
MDZ,UIO
MDZ,REC
MDZ,RNO
MDZ,ROM
MDZ,ROM
MDZ,ROM
MDZ,RIO
MDZ,RIO
MDZ,RIO
MDZ,RGL
MDZ,SAC
MDZ,SLA
MDZ,SSA
MDZ,SAT
MDZ,SCY
MDZ,SFO
MDZ,SJD
MDZ,UAQ
MDZ,EAS
MDZ,SRZ
MDZ,SMR
MDZ,SDR
MDZ,SCL
MDZ,SAO
MDZ,SAO
MDZ,SAO
MDZ,SVQ
MDZ,STR
MDZ,SYD
MDZ,TCQ
MDZ,TYL
MDZ,TLV
MDZ,TLV
MDZ,TLV
MDZ,ZCO
MDZ,TCI
MDZ,TCI
MDZ,TCI
MDZ,TIJ
MDZ,YTO
MDZ,YTO
MDZ,YTO
MDZ,YTO
MDZ,TLS
MDZ,TRU
MDZ,TUC
MDZ,TUL
MDZ,TBP
MDZ,TRN
MDZ,USH
MDZ,ZAL
MDZ,VLC
MDZ,VUP
MDZ,YVR
MDZ,VCE
MDZ,VCE
MDZ,VCE
MDZ,VER
MDZ,VIE
MDZ,VGO
MDZ,VSA
MDZ,EYP
MDZ,ZRH
MIA,YXX
MIA,ANF
MIA,AQP
MIA,ARI
MIA,AUA
MIA,ASU
MIA,AKL
MIA,AYP
MIA,BHI
MIA,BBA
MIA,GPS
MIA,BRC
MIA,BAQ
MIA,BEL
MIA,BHZ
MIA,BOG
MIA,YBR
MIA,BSB
MIA,BGA
MIA,BUE
MIA,BUE
MIA,BUE
MIA,CJA
MIA,CJC
MIA,YYC
MIA,CLO
MIA,CUN
MIA,CTG
MIA,YYG
MIA,CIX
MIA,MEX
MIA,MEX
MIA,MEX
MIA,MEX
MIA,PTY
MIA,CCP
MIA,CPO
MIA,CUE
MIA,CWB
MIA,CWB
MIA,CWB
MIA,CUZ
MIA,COR
MIA,CUC
MIA,YDF
MIA,YEA
MIA,YEA
MIA,YEA
MIA,YEA
MIA,FTE
MIA,FLN
MIA,YXJ
MIA,FOR
MIA,IGU
MIA,GYN
MIA,GYE
MIA,YHZ
MIA,YHZ
MIA,YHZ
MIA,IGR
MIA,IQQ
MIA,IQT
MIA,IPC
MIA,ADZ
MIA,JUL
MIA,YKA
MIA,YLW
MIA,LPB
MIA,LSC
MIA,LIM
MIA,LON
MIA,MAD
MIA,MAO
MIA,MDE
MIA,MEL
MIA,MEL
MIA,MEL
MIA,MDZ
MIA,MVD
MIA,YMQ
MIA,YMQ
MIA,YMQ
MIA,YMQ
MIA,MPN
MIA,YCD
MIA,YCD
MIA,YCD
MIA,NAT
MIA,NQN
MIA,ZOS
MIA,YOW
MIA,YOW
MIA,YOW
MIA,PEI
MIA,PIU
MIA,POA
MIA,YXS
MIA,PCL
MIA,PMC
MIA,PUQ
MIA,PUJ
MIA,PDP
MIA,YQB
MIA,UIO
MIA,REC
MIA,ROS
MIA,RIO
MIA,RIO
MIA,RIO
MIA,YYT
MIA,SLA
MIA,SSA
MIA,SJO
MIA,SJO
MIA,SJO
MIA,SJU
MIA,SJU
MIA,SJU
MIA,SRZ
MIA,SMR
MIA,SCL
MIA,SAO
MIA,SAO
MIA,SAO
MIA,YXE
MIA,SYD
MIA,TCQ
MIA,TYL
MIA,TPP
MIA,ZCO
MIA,YXT
MIA,YQT
MIA,YTO
MIA,YTO
MIA,YTO
MIA,YTO
MIA,TRU
MIA,TUC
MIA,TBP
MIA,USH
MIA,ZAL
MIA,YVR
MIA,YVR
MIA,YVR
MIA,YVR
MIA,YYJ
MIA,YYJ
MIA,YYJ
MIA,VIX
MIA,YXY
MIA,YWG
MIA,YZF
MIA,EYP
MVD,ACA
MVD,ADL
MVD,ALC
MVD,LEI
MVD,AMS
MVD,ANC
MVD,ANF
MVD,AJU
MVD,AQP
MVD,ARI
MVD,ARM
MVD,OVD
MVD,ASU
MVD,ATH
MVD,ATL
MVD,AKL
MVD,AYP
MVD,BHI
MVD,BBA
MVD,GPS
MVD,BCN
MVD,BRC
MVD,BAQ
MVD,EAP
MVD,EAP
MVD,EAP
MVD,BJS
MVD,BEL
MVD,BFS
MVD,BFS
MVD,BFS
MVD,BHZ
MVD,BER
MVD,BER
MVD,BER
MVD,BIO
MVD,BVB
MVD,BOG
MVD,BLQ
MVD,BOD
MVD,BOS
MVD,BSB
MVD,BRE
MVD,BNE
MVD,BRU
MVD,BRU
MVD,BRU
MVD,BGA
MVD,BUD
MVD,BUE
MVD,BUE
MVD,BUE
MVD,CNS
MVD,CAI
MVD,CJA
MVD,CJC
MVD,YYC
MVD,CLO
MVD,CGR
MVD,CUN
MVD,CAN
MVD,CTG
MVD,CTA
MVD,CLT
MVD,CHI
MVD,CIX
MVD,CUU
MVD,CHC
MVD,GUA
MVD,MEX
MVD,MEX
MVD,MEX
MVD,MEX
MVD,PTY
MVD,CPT
MVD,AGT
MVD,CJS
MVD,CLE
MVD,CGN
MVD,CMH
MVD,CCP
MVD,CPH
MVD,CPO
MVD,CUE
MVD,CGB
MVD,CUL
MVD,CWB
MVD,CWB
MVD,CWB
MVD,CUZ
MVD,COR
MVD,CUC
MVD,DFW
MVD,DAR
MVD,DRW
MVD,DPS
MVD,DEN
MVD,DOH
MVD,DRS
MVD,DXB
MVD,DUR
MVD,DUR
MVD,DUR
MVD,DUS
MVD,EDI
MVD,YEA
MVD,YEA
MVD,YEA
MVD,YEA
MVD,FTE
MVD,IST
MVD,STO
MVD,STO
MVD,STO
MVD,STO
MVD,STO
MVD,SXB
MVD,FLN
MVD,FOR
MVD,IGU
MVD,FRA
MVD,FRA
MVD,FRA
MVD,GVA
MVD,GLA
MVD,GLA
MVD,GLA
MVD,GYN
MVD,OOL
MVD,GRX
MVD,GRR
MVD,GDL
MVD,GYE
MVD,HAM
MVD,HAJ
MVD,HEL
MVD,SGN
MVD,HBA
MVD,HKG
MVD,HNL
MVD,HOU
MVD,HOU
MVD,HOU
MVD,HUX
MVD,IBZ
MVD,IGR
MVD,IOS
MVD,IMP
MVD,IND
MVD,INN
MVD,IQQ
MVD,IQT
MVD,IPC
MVD,ADZ
MVD,ZIH
MVD,JPA
MVD,JNB
MVD,JOI
MVD,JUL
MVD,OGG
MVD,LCG
MVD,HAV
MVD,LAP
MVD,LPB
MVD,LSC
MVD,ACE
MVD,LPA
MVD,LAS
MVD,LEJ
MVD,BJX
MVD,LET
MVD,LIM
MVD,LIS
MVD,LON
MVD,LDB
MVD,LAX
MVD,LYS
MVD,LYS
MVD,LYS
MVD,MCP
MVD,MCZ
MVD,MAD
MVD,MAO
MVD,MAN
MVD,MNL
MVD,ZLO
MVD,MAB
MVD,MRS
MVD,MDE
MVD,MEL
MVD,MEL
MVD,MEL
MVD,MDZ
MVD,MAH
MVD,MIA
MVD,MIL
MVD,MIL
MVD,MIL
MVD,MIL
MVD,MIL
MVD,MTY
MVD,MTY
MVD,MTY
MVD,MTR
MVD,YMQ
MVD,YMQ
MVD,YMQ
MVD,YMQ
MVD,MLM
MVD,MOW
MVD,MOW
MVD,MOW
MVD,MOW
MVD,MPN
MVD,BOM
MVD,MUC
MVD,AGP
MVD,MID
MVD,NTE
MVD,NAP
MVD,NAS
MVD,NAT
MVD,NVT
MVD,NQN
MVD,NCE
MVD,ORF
MVD,DEL
MVD,MSY
MVD,NYC
MVD,NUE
MVD,OLB
MVD,OPO
MVD,ORL
MVD,OSL
MVD,OSL
MVD,OSL
MVD,ZOS
MVD,YOW
MVD,YOW
MVD,YOW
MVD,PMI
MVD,PMO
MVD,PMW
MVD,PNA
MVD,PPT
MVD,PAR
MVD,PAR
MVD,PAR
MVD,PAR
MVD,PNS
MVD,PEI
MVD,PER
MVD,PHL
MVD,PHX
MVD,PIU
MVD,PLZ
MVD,POS
MVD,PDX
MVD,POA
MVD,BPS
MVD,PVH
MVD,PRG
MVD,PLS
MVD,PCL
MVD,PUU
MVD,PXM
MVD,PEM
MVD,PMC
MVD,PVR
MVD,PUQ
MVD,PUJ
MVD,YQB
MVD,ZQN
MVD,UIO
MVD,RFP
MVD,REC
MVD,RAO
MVD,ROM
MVD,ROM
MVD,ROM
MVD,ROS
MVD,RBR
MVD,RIO
MVD,RIO
MVD,RIO
MVD,STL
MVD,SLC
MVD,SLA
MVD,SSA
MVD,SKB
MVD,SAN
MVD,SFO
MVD,SJD
MVD,SJO
MVD,SJO
MVD,SJO
MVD,SJU
MVD,SJU
MVD,SJU
MVD,UAQ
MVD,SLP
MVD,LED
MVD,EAS
MVD,SRZ
MVD,SMR
MVD,SDR
MVD,STM
MVD,SCL
MVD,SCQ
MVD,SJP
MVD,SLZ
MVD,SAO
MVD,SAO
MVD,SAO
MVD,YAM
MVD,SVQ
MVD,SHA
MVD,SHA
MVD,SHA
MVD,SIN
MVD,SPU
MVD,STT
MVD,STR
MVD,SYD
MVD,TCQ
MVD,TPE
MVD,TYL
MVD,TPA
MVD,TPP
MVD,TRG
MVD,TLV
MVD,TLV
MVD,TLV
MVD,ZCO
MVD,TCI
MVD,TCI
MVD,TCI
MVD,THE
MVD,TIJ
MVD,TYO
MVD,TYO
MVD,TYO
MVD,YTO
MVD,YTO
MVD,YTO
MVD,YTO
MVD,TRC
MVD,TLS
MVD,TRU
MVD,TUC
MVD,TBP
MVD,TRN
MVD,TGZ
MVD,UDI
MVD,USH
MVD,ZAL
MVD,VLC
MVD,VUP
MVD,YVR
MVD,YVR
MVD,YVR
MVD,YVR
MVD,VCE
MVD,VCE
MVD,VCE
MVD,VER
MVD,VIE
MVD,VGO
MVD,VSA
MVD,VIX
MVD,WAS
MVD,WAS
MVD,WAS
MVD,EYP
MVD,ZRH
NAT,ADL
NAT,ALC
NAT,LEI
NAT,AMS
NAT,ANF
NAT,OVD
NAT,ATL
NAT,AKL
NAT,BCN
NAT,BER
NAT,BER
NAT,BER
NAT,BIO
NAT,BOG
NAT,BLQ
NAT,BOD
NAT,BOS
NAT,BRE
NAT,BRU
NAT,BRU
NAT,BRU
NAT,BUE
NAT,BUE
NAT,BUE
NAT,CNS
NAT,CUN
NAT,CLT
NAT,CHI
NAT,MEX
NAT,CPH
NAT,COR
NAT,DFW
NAT,DRW
NAT,DEN
NAT,DTT
NAT,DUS
NAT,EDI
NAT,STO
NAT,STO
NAT,STO
NAT,STO
NAT,STO
NAT,SXB
NAT,FRA
NAT,FRA
NAT,FRA
NAT,GVA
NAT,GLA
NAT,GLA
NAT,GLA
NAT,GRX
NAT,GDL
NAT,HAM
NAT,HAJ
NAT,HEL
NAT,HBA
NAT,HOU
NAT,HOU
NAT,HOU
NAT,IBZ
NAT,JAX
NAT,JNB
NAT,LCG
NAT,LPA
NAT,LAS
NAT,LIM
NAT,LON
NAT,LAX
NAT,LYS
NAT,LYS
NAT,LYS
NAT,MAD
NAT,MAN
NAT,MRS
NAT,MEL
NAT,MEL
NAT,MEL
NAT,MDZ
NAT,MIA
NAT,MIL
NAT,MIL
NAT,MIL
NAT,MIL
NAT,MIL
NAT,MTY
NAT,MVD
NAT,MUC
NAT,AGP
NAT,MID
NAT,NTE
NAT,BNA
NAT,NQN
NAT,NCE
NAT,MSY
NAT,NYC
NAT,ORL
NAT,OSL
NAT,OSL
NAT,OSL
NAT,PMI
NAT,PNA
NAT,PAR
NAT,PAR
NAT,PAR
NAT,PAR
NAT,PER
NAT,PHL
NAT,PHX
NAT,PUJ
NAT,PDP
NAT,RDU
NAT,ROM
NAT,ROM
NAT,ROM
NAT,ROS
NAT,RIO
NAT,RIO
NAT,RIO
NAT,SAN
NAT,SFO
NAT,EAS
NAT,SDR
NAT,SCL
NAT,SCQ
NAT,SAO
NAT,SAO
NAT,SAO
NAT,SEA
NAT,SVQ
NAT,STR
NAT,SYD
NAT,TPA
NAT,TLV
NAT,TLV
NAT,TLV
NAT,TCI
NAT,TCI
NAT,TCI
NAT,TIJ
NAT,TLS
NAT,TUC
NAT,TRN
NAT,VLC
NAT,VCE
NAT,VCE
NAT,VCE
NAT,VIE
NAT,VGO
NAT,VSA
NAT,WAS
NAT,WAS
NAT,WAS
NAT,ZRH
NVT,ADL
NVT,ALC
NVT,LEI
NVT,AMS
NVT,OVD
NVT,BCN
NVT,BER
NVT,BER
NVT,BER
NVT,BIO
NVT,BOG
NVT,BLQ
NVT,BOD
NVT,BRE
NVT,BRU
NVT,BRU
NVT,BRU
NVT,CNS
NVT,CUN
NVT,MEX
NVT,CPH
NVT,CUZ
NVT,DRW
NVT,DUS
NVT,EDI
NVT,STO
NVT,STO
NVT,STO
NVT,STO
NVT,STO
NVT,SXB
NVT,FRA
NVT,FRA
NVT,FRA
NVT,GVA
NVT,GLA
NVT,GLA
NVT,GLA
NVT,GRX
NVT,GDL
NVT,GYE
NVT,HAM
NVT,HAJ
NVT,HEL
NVT,HBA
NVT,IBZ
NVT,JNB
NVT,LCG
NVT,LPA
NVT,LIM
NVT,LON
NVT,LYS
NVT,LYS
NVT,LYS
NVT,MAD
NVT,MAN
NVT,MRS
NVT,MEL
NVT,MEL
NVT,MEL
NVT,MIL
NVT,MIL
NVT,MIL
NVT,MIL
NVT,MIL
NVT,MTY
NVT,MVD
NVT,MUC
NVT,AGP
NVT,MID
NVT,NTE
NVT,NCE
NVT,OSL
NVT,OSL
NVT,OSL
NVT,PMI
NVT,PNA
NVT,PAR
NVT,PAR
NVT,PAR
NVT,PAR
NVT,PER
NVT,PUJ
NVT,UIO
NVT,ROM
NVT,ROM
NVT,ROM
NVT,RIO
NVT,RIO
NVT,RIO
NVT,EAS
NVT,SDR
NVT,SCL
NVT,SCQ
NVT,SAO
NVT,SAO
NVT,SAO
NVT,SVQ
NVT,STR
NVT,SYD
NVT,TLV
NVT,TLV
NVT,TLV
NVT,TCI
NVT,TCI
NVT,TCI
NVT,TIJ
NVT,TLS
NVT,TRN
NVT,VLC
NVT,VCE
NVT,VCE
NVT,VCE
NVT,VIE
NVT,VGO
NVT,VSA
NVT,ZRH
PMW,ADL
PMW,ALC
PMW,LEI
PMW,AMS
PMW,OVD
PMW,BCN
PMW,BER
PMW,BER
PMW,BER
PMW,BIO
PMW,BLQ
PMW,BOD
PMW,BRE
PMW,BRU
PMW,BRU
PMW,BRU
PMW,CNS
PMW,CUN
PMW,MEX
PMW,CPH
PMW,DRW
PMW,DUS
PMW,EDI
PMW,STO
PMW,STO
PMW,STO
PMW,STO
PMW,STO
PMW,SXB
PMW,FRA
PMW,FRA
PMW,FRA
PMW,GVA
PMW,GLA
PMW,GLA
PMW,GLA
PMW,GRX
PMW,GDL
PMW,HAM
PMW,HAJ
PMW,HEL
PMW,HBA
PMW,IBZ
PMW,JNB
PMW,LCG
PMW,LPA
PMW,LON
PMW,LYS
PMW,LYS
PMW,LYS
PMW,MAD
PMW,MAN
PMW,MRS
PMW,MEL
PMW,MEL
PMW,MEL
PMW,MIL
PMW,MIL
PMW,MIL
PMW,MIL
PMW,MIL
PMW,MTY
PMW,MVD
PMW,MUC
PMW,AGP
PMW,MID
PMW,NTE
PMW,NCE
PMW,OSL
PMW,OSL
PMW,OSL
PMW,PMI
PMW,PNA
PMW,PAR
PMW,PAR
PMW,PAR
PMW,PAR
PMW,PER
PMW,PUJ
PMW,ROM
PMW,ROM
PMW,ROM
PMW,EAS
PMW,SDR
PMW,SCQ
PMW,SVQ
PMW,STR
PMW,SYD
PMW,TLV
PMW,TLV
PMW,TLV
PMW,TCI
PMW,TCI
PMW,TCI
PMW,TIJ
PMW,TLS
PMW,TRN
PMW,VLC
PMW,VCE
PMW,VCE
PMW,VCE
PMW,VIE
PMW,VGO
PMW,VSA
PMW,ZRH
PIU,ACA
PIU,ADL
PIU,ALC
PIU,LEI
PIU,AMS
PIU,ANF
PIU,AQP
PIU,OVD
PIU,AKL
PIU,AYP
PIU,BBA
PIU,GPS
PIU,BCN
PIU,BRC
PIU,BER
PIU,BER
PIU,BER
PIU,BIO
PIU,BOG
PIU,BLQ
PIU,BOD
PIU,BRE
PIU,BUE
PIU,BUE
PIU,BUE
PIU,CNS
PIU,CJA
PIU,CJC
PIU,CLO
PIU,CUN
PIU,CTG
PIU,MEX
PIU,MEX
PIU,MEX
PIU,MEX
PIU,CME
PIU,CCP
PIU,CPH
PIU,CUZ
PIU,COR
PIU,DRW
PIU,DUS
PIU,EDI
PIU,STO
PIU,STO
PIU,STO
PIU,STO
PIU,STO
PIU,SXB
PIU,IGU
PIU,FRA
PIU,FRA
PIU,FRA
PIU,GLA
PIU,GLA
PIU,GLA
PIU,GRX
PIU,GDL
PIU,GYE
PIU,HAM
PIU,HAJ
PIU,HEL
PIU,HMO
PIU,HBA
PIU,IBZ
PIU,IQT
PIU,IPC
PIU,ADZ
PIU,JNB
PIU,JUL
PIU,LCG
PIU,HAV
PIU,LPB
PIU,LPA
PIU,BJX
PIU,LIM
PIU,LON
PIU,LAX
PIU,LYS
PIU,LYS
PIU,LYS
PIU,MAD
PIU,MAN
PIU,ZLO
PIU,MRS
PIU,MDE
PIU,MEL
PIU,MEL
PIU,MEL
PIU,MDZ
PIU,MIA
PIU,MIL
PIU,MIL
PIU,MIL
PIU,MIL
PIU,MIL
PIU,MTY
PIU,MTY
PIU,MTY
PIU,MVD
PIU,MUC
PIU,AGP
PIU,MID
PIU,NTE
PIU,NQN
PIU,NCE
PIU,NYC
PIU,ORL
PIU,OSL
PIU,OSL
PIU,OSL
PIU,PMI
PIU,PNA
PIU,PEI
PIU,PER
PIU,PCL
PIU,PEM
PIU,PMC
PIU,PUQ
PIU,PUJ
PIU,UIO
PIU,RIO
PIU,RIO
PIU,RIO
PIU,SFO
PIU,SJD
PIU,EAS
PIU,SRZ
PIU,SMR
PIU,SDR
PIU,SCL
PIU,SAO
PIU,SAO
PIU,SAO
PIU,SVQ
PIU,STR
PIU,SYD
PIU,TCQ
PIU,TYL
PIU,TPP
PIU,TLV
PIU,TLV
PIU,TLV
PIU,TCI
PIU,TCI
PIU,TCI
PIU,TIJ
PIU,YTO
PIU,YTO
PIU,YTO
PIU,YTO
PIU,TLS
PIU,TRU
PIU,TUC
PIU,TRN
PIU,USH
PIU,VLC
PIU,VCE
PIU,VCE
PIU,VCE
PIU,VER
PIU,VIE
PIU,VGO
PIU,VSA
PIU,ZRH
POA,ADL
POA,ALC
POA,LEI
POA,AMS
POA,ANF
POA,OVD
POA,ATL
POA,AKL
POA,AYP
POA,BCN
POA,BAQ
POA,BER
POA,BER
POA,BER
POA,BIO
POA,BOG
POA,BLQ
POA,BOD
POA,BOS
POA,BRE
POA,BRU
POA,BRU
POA,BRU
POA,BUE
POA,BUE
POA,BUE
POA,CNS
POA,CLO
POA,CUN
POA,CTG
POA,CLT
POA,CHI
POA,MEX
POA,CCP
POA,CPH
POA,CUZ
POA,DFW
POA,DRW
POA,DEN
POA,DTT
POA,DUS
POA,EDI
POA,STO
POA,STO
POA,STO
POA,STO
POA,STO
POA,SXB
POA,FRA
POA,FRA
POA,FRA
POA,GVA
POA,GLA
POA,GLA
POA,GLA
POA,GRX
POA,GDL
POA,GYE
POA,HAM
POA,HAJ
POA,HEL
POA,HBA
POA,HOU
POA,HOU
POA,HOU
POA,IBZ
POA,ADZ
POA,JAX
POA,JNB
POA,LCG
POA,LPA
POA,LAS
POA,LIM
POA,LON
POA,LAX
POA,LYS
POA,LYS
POA,LYS
POA,MAD
POA,MAN
POA,MRS
POA,MDE
POA,MEL
POA,MEL
POA,MEL
POA,MDZ
POA,MIA
POA,MIL
POA,MIL
POA,MIL
POA,MIL
POA,MIL
POA,MTY
POA,MVD
POA,MUC
POA,AGP
POA,MID
POA,NTE
POA,BNA
POA,NCE
POA,MSY
POA,NYC
POA,ORL
POA,OSL
POA,OSL
POA,OSL
POA,PMI
POA,PNA
POA,PAR
POA,PAR
POA,PAR
POA,PAR
POA,PER
POA,PHL
POA,PHX
POA,PUQ
POA,PUJ
POA,PDP
POA,UIO
POA,RDU
POA,ROM
POA,ROM
POA,ROM
POA,RIO
POA,RIO
POA,RIO
POA,SAN
POA,SFO
POA,EAS
POA,SMR
POA,SDR
POA,SCL
POA,SCQ
POA,SAO
POA,SAO
POA,SAO
POA,SEA
POA,SVQ
POA,STR
POA,SYD
POA,TYL
POA,TPA
POA,TLV
POA,TLV
POA,TLV
POA,ZCO
POA,TCI
POA,TCI
POA,TCI
POA,TIJ
POA,TLS
POA,TRN
POA,VLC
POA,VCE
POA,VCE
POA,VCE
POA,VIE
POA,VGO
POA,VSA
POA,WAS
POA,WAS
POA,WAS
POA,ZRH
BPS,ADL
BPS,ALC
BPS,LEI
BPS,AMS
BPS,OVD
BPS,BCN
BPS,BER
BPS,BER
BPS,BER
BPS,BIO
BPS,BLQ
BPS,BOD
BPS,BRE
BPS,BRU
BPS,BRU
BPS,BRU
BPS,BUE
BPS,BUE
BPS,BUE
BPS,CNS
BPS,CUN
BPS,MEX
BPS,CPH
BPS,COR
BPS,DRW
BPS,DUS
BPS,EDI
BPS,STO
BPS,STO
BPS,STO
BPS,STO
BPS,STO
BPS,SXB
BPS,FRA
BPS,FRA
BPS,FRA
BPS,GVA
BPS,GLA
BPS,GLA
BPS,GLA
BPS,GRX
BPS,GDL
BPS,HAM
BPS,HAJ
BPS,HEL
BPS,HBA
BPS,IBZ
BPS,JNB
BPS,LCG
BPS,LPA
BPS,LON
BPS,LYS
BPS,LYS
BPS,LYS
BPS,MAD
BPS,MAN
BPS,MRS
BPS,MEL
BPS,MEL
BPS,MEL
BPS,MIL
BPS,MIL
BPS,MIL
BPS,MIL
BPS,MIL
BPS,MTY
BPS,MVD
BPS,MUC
BPS,AGP
BPS,MID
BPS,NTE
BPS,NCE
BPS,OSL
BPS,OSL
BPS,OSL
BPS,PMI
BPS,PNA
BPS,PAR
BPS,PAR
BPS,PAR
BPS,PAR
BPS,PER
BPS,PUJ
BPS,ROM
BPS,ROM
BPS,ROM
BPS,EAS
BPS,SDR
BPS,SCL
BPS,SCQ
BPS,SVQ
BPS,STR
BPS,SYD
BPS,TLV
BPS,TLV
BPS,TLV
BPS,TCI
BPS,TCI
BPS,TCI
BPS,TIJ
BPS,TLS
BPS,TRN
BPS,VLC
BPS,VCE
BPS,VCE
BPS,VCE
BPS,VIE
BPS,VGO
BPS,VSA
BPS,ZRH
PVH,ADL
PVH,ALC
PVH,LEI
PVH,AMS
PVH,OVD
PVH,BCN
PVH,BER
PVH,BER
PVH,BER
PVH,BIO
PVH,BLQ
PVH,BOD
PVH,BRE
PVH,BRU
PVH,BRU
PVH,BRU
PVH,CNS
PVH,CUN
PVH,MEX
PVH,CPH
PVH,DRW
PVH,DUS
PVH,EDI
PVH,STO
PVH,STO
PVH,STO
PVH,STO
PVH,STO
PVH,SXB
PVH,FRA
PVH,FRA
PVH,FRA
PVH,GVA
PVH,GLA
PVH,GLA
PVH,GLA
PVH,GRX
PVH,GDL
PVH,HAM
PVH,HAJ
PVH,HEL
PVH,HBA
PVH,IBZ
PVH,JNB
PVH,LCG
PVH,LPA
PVH,LON
PVH,LYS
PVH,LYS
PVH,LYS
PVH,MAD
PVH,MAN
PVH,MRS
PVH,MEL
PVH,MEL
PVH,MEL
PVH,MIL
PVH,MIL
PVH,MIL
PVH,MIL
PVH,MIL
PVH,MTY
PVH,MVD
PVH,MUC
PVH,AGP
PVH,MID
PVH,NTE
PVH,NCE
PVH,OSL
PVH,OSL
PVH,OSL
PVH,PMI
PVH,PNA
PVH,PAR
PVH,PAR
PVH,PAR
PVH,PAR
PVH,PER
PVH,PUJ
PVH,ROM
PVH,ROM
PVH,ROM
PVH,EAS
PVH,SDR
PVH,SCQ
PVH,SVQ
PVH,STR
PVH,SYD
PVH,TLV
PVH,TLV
PVH,TLV
PVH,TCI
PVH,TCI
PVH,TCI
PVH,TIJ
PVH,TLS
PVH,TRN
PVH,VLC
PVH,VCE
PVH,VCE
PVH,VCE
PVH,VIE
PVH,VGO
PVH,VSA
PVH,ZRH
POA,PMI
POA,PNA
POA,PAR
POA,PAR
POA,PAR
POA,PAR
POA,PER
POA,PHL
POA,PHX
POA,PUQ
POA,PUJ
POA,PDP
POA,UIO
POA,RDU
POA,ROM
POA,ROM
POA,ROM
POA,RIO
POA,RIO
POA,RIO
POA,SAN
POA,SFO
POA,EAS
POA,SMR
POA,SDR
POA,SCL
POA,SCQ
POA,SAO
POA,SAO
POA,SAO
POA,SEA
POA,SVQ
POA,STR
POA,SYD
POA,TYL
POA,TPA
POA,TLV
POA,TLV
POA,TLV
POA,ZCO
POA,TCI
POA,TCI
POA,TCI
POA,TIJ
POA,TLS
POA,TRN
POA,VLC
POA,VCE
POA,VCE
POA,VCE
POA,VIE
POA,VGO
POA,VSA
POA,WAS
POA,WAS
POA,WAS
POA,ZRH
BPS,ADL
BPS,ALC
BPS,LEI
BPS,AMS
BPS,OVD
BPS,BCN
BPS,BER
BPS,BER
BPS,BER
BPS,BIO
BPS,BLQ
BPS,BOD
BPS,BRE
BPS,BRU
BPS,BRU
BPS,BRU
BPS,BUE
BPS,BUE
BPS,BUE
BPS,CNS
BPS,CUN
BPS,MEX
BPS,CPH
BPS,COR
BPS,DRW
BPS,DUS
BPS,EDI
BPS,STO
BPS,STO
BPS,STO
BPS,STO
BPS,STO
BPS,SXB
BPS,FRA
BPS,FRA
BPS,FRA
BPS,GVA
BPS,GLA
BPS,GLA
BPS,GLA
BPS,GRX
BPS,GDL
BPS,HAM
BPS,HAJ
BPS,HEL
BPS,HBA
BPS,IBZ
BPS,JNB
BPS,LCG
BPS,LPA
BPS,LON
BPS,LYS
BPS,LYS
BPS,LYS
BPS,MAD
BPS,MAN
BPS,MRS
BPS,MEL
BPS,MEL
BPS,MEL
BPS,MIL
BPS,MIL
BPS,MIL
BPS,MIL
BPS,MIL
BPS,MTY
BPS,MVD
BPS,MUC
BPS,AGP
BPS,MID
BPS,NTE
BPS,NCE
BPS,OSL
BPS,OSL
BPS,OSL
BPS,PMI
BPS,PNA
BPS,PAR
BPS,PAR
BPS,PAR
BPS,PAR
BPS,PER
BPS,PUJ
BPS,ROM
BPS,ROM
BPS,ROM
BPS,EAS
BPS,SDR
BPS,SCL
BPS,SCQ
BPS,SVQ
BPS,STR
BPS,SYD
BPS,TLV
BPS,TLV
BPS,TLV
BPS,TCI
BPS,TCI
BPS,TCI
BPS,TIJ
BPS,TLS
BPS,TRN
BPS,VLC
BPS,VCE
BPS,VCE
BPS,VCE
BPS,VIE
BPS,VGO
BPS,VSA
BPS,ZRH
PVH,ADL
PVH,ALC
PVH,LEI
PVH,AMS
PVH,OVD
PVH,BCN
PVH,BER
PVH,BER
PVH,BER
PVH,BIO
PVH,BLQ
PVH,BOD
PVH,BRE
PVH,BRU
PVH,BRU
PVH,BRU
PVH,CNS
PVH,CUN
PVH,MEX
PVH,CPH
PVH,DRW
PVH,DUS
PVH,EDI
PVH,STO
PVH,STO
PVH,STO
PVH,STO
PVH,STO
PVH,SXB
PVH,FRA
PVH,FRA
PVH,FRA
PVH,GVA
PVH,GLA
PVH,GLA
PVH,GLA
PVH,GRX
PVH,GDL
PVH,HAM
PVH,HAJ
PVH,HEL
PVH,HBA
PVH,IBZ
PVH,JNB
PVH,LCG
PVH,LPA
PVH,LON
PVH,LYS
PVH,LYS
PVH,LYS
PVH,MAD
PVH,MAN
PVH,MRS
PVH,MEL
PVH,MEL
PVH,MEL
PVH,MIL
PVH,MIL
PVH,MIL
PVH,MIL
PVH,MIL
PVH,MTY
PVH,MVD
PVH,MUC
PVH,AGP
PVH,MID
PVH,NTE
PVH,NCE
PVH,OSL
PVH,OSL
PVH,OSL
PVH,PMI
PVH,PNA
PVH,PAR
PVH,PAR
PVH,PAR
PVH,PAR
PVH,PER
PVH,PUJ
PVH,ROM
PVH,ROM
PVH,ROM
PVH,EAS
PVH,SDR
PVH,SCQ
PVH,SVQ
PVH,STR
PVH,SYD
PVH,TLV
PVH,TLV
PVH,TLV
PVH,TCI
PVH,TCI
PVH,TCI
PVH,TIJ
PVH,TLS
PVH,TRN
PVH,VLC
PVH,VCE
PVH,VCE
PVH,VCE
PVH,VIE
PVH,VGO
PVH,VSA
PVH,ZRH
FLN,ADL
FLN,ALC
FLN,LEI
FLN,AMS
FLN,ANF
FLN,OVD
FLN,ATL
FLN,AKL
FLN,BCN
FLN,BAQ
FLN,BER
FLN,BER
FLN,BER
FLN,BIO
FLN,BOG
FLN,BLQ
FLN,BOD
FLN,BOS
FLN,BRE
FLN,BRU
FLN,BRU
FLN,BRU
FLN,BUE
FLN,BUE
FLN,BUE
FLN,CNS
FLN,CJC
FLN,CLO
FLN,CUN
FLN,CTG
FLN,CLT
FLN,CHI
FLN,MEX
FLN,CCP
FLN,CPH
FLN,COR
FLN,CUC
FLN,DFW
FLN,DRW
FLN,DEN
FLN,DTT
FLN,DUS
FLN,EDI
FLN,STO
FLN,STO
FLN,STO
FLN,STO
FLN,STO
FLN,SXB
FLN,FRA
FLN,FRA
FLN,FRA
FLN,GVA
FLN,GLA
FLN,GLA
FLN,GLA
FLN,GRX
FLN,GDL
FLN,HAM
FLN,HAJ
FLN,HEL
FLN,HBA
FLN,HOU
FLN,HOU
FLN,HOU
FLN,IBZ
FLN,IQQ
FLN,IPC
FLN,JAX
FLN,JNB
FLN,LCG
FLN,LSC
FLN,LPA
FLN,LAS
FLN,LIM
FLN,LON
FLN,LAX
FLN,LYS
FLN,LYS
FLN,LYS
FLN,MAD
FLN,MAN
FLN,MRS
FLN,MDE
FLN,MEL
FLN,MEL
FLN,MEL
FLN,MDZ
FLN,MIA
FLN,MIL
FLN,MIL
FLN,MIL
FLN,MIL
FLN,MIL
FLN,MTY
FLN,MVD
FLN,MUC
FLN,AGP
FLN,MID
FLN,NTE
FLN,BNA
FLN,NCE
FLN,MSY
FLN,NYC
FLN,ORL
FLN,OSL
FLN,OSL
FLN,OSL
FLN,PMI
FLN,PNA
FLN,PAR
FLN,PAR
FLN,PAR
FLN,PAR
FLN,PEI
FLN,PER
FLN,PHL
FLN,PHX
FLN,PMC
FLN,PUQ
FLN,PUJ
FLN,PDP
FLN,UIO
FLN,RDU
FLN,ROM
FLN,ROM
FLN,ROM
FLN,RIO
FLN,RIO
FLN,RIO
FLN,SAN
FLN,SFO
FLN,UAQ
FLN,EAS
FLN,SDR
FLN,SCL
FLN,SCQ
FLN,SAO
FLN,SAO
FLN,SAO
FLN,SEA
FLN,SVQ
FLN,STR
FLN,SYD
FLN,TPA
FLN,TLV
FLN,TLV
FLN,TLV
FLN,ZCO
FLN,TCI
FLN,TCI
FLN,TCI
FLN,TIJ
FLN,TLS
FLN,TUC
FLN,TRN
FLN,VLC
FLN,VCE
FLN,VCE
FLN,VCE
FLN,VIE
FLN,VGO
FLN,VSA
FLN,WAS
FLN,WAS
FLN,WAS
FLN,ZRH
MAB,ADL
MAB,ALC
MAB,LEI
MAB,AMS
MAB,OVD
MAB,BCN
MAB,BER
MAB,BER
MAB,BER
MAB,BIO
MAB,BLQ
MAB,BOD
MAB,BRE
MAB,BRU
MAB,BRU
MAB,BRU
MAB,CNS
MAB,CUN
MAB,MEX
MAB,CPH
MAB,DRW
MAB,DUS
MAB,EDI
MAB,STO
MAB,STO
MAB,STO
MAB,STO
MAB,STO
MAB,SXB
MAB,FRA
MAB,FRA
MAB,FRA
MAB,GVA
MAB,GLA
MAB,GLA
MAB,GLA
MAB,GRX
MAB,GDL
MAB,HAM
MAB,HAJ
MAB,HEL
MAB,HBA
MAB,IBZ
MAB,JNB
MAB,LCG
MAB,LPA
MAB,LON
MAB,LYS
MAB,LYS
MAB,LYS
MAB,MAD
MAB,MAN
MAB,MRS
MAB,MEL
MAB,MEL
MAB,MEL
MAB,MIL
MAB,MIL
MAB,MIL
MAB,MIL
MAB,MIL
MAB,MTY
MAB,MVD
MAB,MUC
MAB,AGP
MAB,MID
MAB,NTE
MAB,NCE
MAB,OSL
MAB,OSL
MAB,OSL
MAB,PMI
MAB,PNA
MAB,PAR
MAB,PAR
MAB,PAR
MAB,PAR
MAB,PER
MAB,PUJ
MAB,ROM
MAB,ROM
MAB,ROM
MAB,EAS
MAB,SDR
MAB,SCQ
MAB,SVQ
MAB,STR
MAB,SYD
MAB,TLV
MAB,TLV
MAB,TLV
MAB,TCI
MAB,TCI
MAB,TCI
MAB,TIJ
MAB,TLS
MAB,TRN
MAB,VLC
MAB,VCE
MAB,VCE
MAB,VCE
MAB,VIE
MAB,VGO
MAB,VSA
MAB,ZRH
PUJ,YXX
PUJ,ADL
PUJ,ANF
PUJ,AJU
PUJ,AQP
PUJ,ARI
PUJ,AKL
PUJ,AYP
PUJ,BHI
PUJ,BBA
PUJ,BRC
PUJ,EJA
PUJ,BAQ
PUJ,JTC
PUJ,BEL
PUJ,BVB
PUJ,BOG
PUJ,YBR
PUJ,BGA
PUJ,BUE
PUJ,BUE
PUJ,BUE
PUJ,CNS
PUJ,CJC
PUJ,YYC
PUJ,CLO
PUJ,CGR
PUJ,CTG
PUJ,YYG
PUJ,CIX
PUJ,MEX
PUJ,MEX
PUJ,MEX
PUJ,MEX
PUJ,CCP
PUJ,CGB
PUJ,CWB
PUJ,CWB
PUJ,CWB
PUJ,CUZ
PUJ,COR
PUJ,CUC
PUJ,DRW
PUJ,YDF
PUJ,YEA
PUJ,YEA
PUJ,YEA
PUJ,YEA
PUJ,FLN
PUJ,YXJ
PUJ,FOR
PUJ,IGU
PUJ,GYN
PUJ,GYE
PUJ,YHZ
PUJ,YHZ
PUJ,YHZ
PUJ,HBA
PUJ,IOS
PUJ,IMP
PUJ,IQQ
PUJ,IPC
PUJ,ADZ
PUJ,JPA
PUJ,JNB
PUJ,JDO
PUJ,YKA
PUJ,YLW
PUJ,LPB
PUJ,LSC
PUJ,LIM
PUJ,LAX
PUJ,MCP
PUJ,MCZ
PUJ,MAO
PUJ,MZL
PUJ,MAB
PUJ,MDE
PUJ,MEL
PUJ,MEL
PUJ,MEL
PUJ,MDZ
PUJ,MIA
PUJ,MTR
PUJ,MVD
PUJ,YMQ
PUJ,YMQ
PUJ,YMQ
PUJ,YMQ
PUJ,YCD
PUJ,YCD
PUJ,YCD
PUJ,NAT
PUJ,NVT
PUJ,NQN
PUJ,NYC
PUJ,ORL
PUJ,ZOS
PUJ,YOW
PUJ,YOW
PUJ,YOW
PUJ,PMW
PUJ,PSO
PUJ,PEI
PUJ,PER
PUJ,PIU
PUJ,PPN
PUJ,POA
PUJ,BPS
PUJ,PVH
PUJ,YXS
PUJ,PCL
PUJ,PEM
PUJ,PMC
PUJ,PUQ
PUJ,YQB
PUJ,UIO
PUJ,REC
PUJ,RBR
PUJ,RIO
PUJ,RIO
PUJ,RIO
PUJ,YYT
PUJ,SLA
PUJ,SSA
PUJ,SRZ
PUJ,SMR
PUJ,STM
PUJ,SCL
PUJ,SJK
PUJ,SJP
PUJ,SLZ
PUJ,SAO
PUJ,SAO
PUJ,SAO
PUJ,YXE
PUJ,SYD
PUJ,TCQ
PUJ,TYL
PUJ,ZCO
PUJ,THE
PUJ,YXT
PUJ,YQT
PUJ,YTO
PUJ,YTO
PUJ,YTO
PUJ,YTO
PUJ,TRU
PUJ,TUC
PUJ,TCO
PUJ,UDI
PUJ,ZAL
PUJ,VUP
PUJ,YVR
PUJ,YVR
PUJ,YVR
PUJ,YVR
PUJ,YYJ
PUJ,YYJ
PUJ,YYJ
PUJ,VIX
PUJ,YXY
PUJ,YWG
PUJ,YZF
PUJ,EYP
UIO,YXX
UIO,ABZ
UIO,AUH
UIO,ACA
UIO,ADL
UIO,AGU
UIO,ALG
UIO,ALC
UIO,LEI
UIO,AMM
UIO,AMS
UIO,ANC
UIO,ANU
UIO,ANF
UIO,AQP
UIO,ARI
UIO,AUA
UIO,ASE
UIO,OVD
UIO,ASU
UIO,ATH
UIO,ATL
UIO,AKL
UIO,AUS
UIO,AYP
UIO,BHI
UIO,BBA
UIO,GPS
UIO,BLR
UIO,BKK
UIO,BCN
UIO,BRC
UIO,BAQ
UIO,BJS
UIO,BEY
UIO,BFS
UIO,BFS
UIO,BFS
UIO,BHZ
UIO,BGO
UIO,BER
UIO,BER
UIO,BER
UIO,BDA
UIO,BIO
UIO,BHM
UIO,BOG
UIO,BOI
UIO,BLQ
UIO,BOD
UIO,BOS
UIO,BZN
UIO,YBR
UIO,BSB
UIO,BRE
UIO,BGI
UIO,BNE
UIO,BRU
UIO,BRU
UIO,BRU
UIO,BGA
UIO,BUH
UIO,BUD
UIO,BUE
UIO,BUE
UIO,BUE
UIO,PUS
UIO,CNS
UIO,CAI
UIO,CJA
UIO,CJC
UIO,YYC
UIO,CLO
UIO,CPE
UIO,CBR
UIO,CUN
UIO,CAN
UIO,CTG
UIO,SLU
UIO,CEB
UIO,CSX
UIO,CLT
UIO,YYG
UIO,CTU
UIO,MAA
UIO,CNX
UIO,CHI
UIO,CIX
UIO,CUU
UIO,CHC
UIO,GUA
UIO,MEX
UIO,MEX
UIO,MEX
UIO,MEX
UIO,PTY
UIO,CPT
UIO,CME
UIO,CJS
UIO,CEN
UIO,CMH
UIO,CRD
UIO,CCP
UIO,CPH
UIO,CPO
UIO,CZM
UIO,CUE
UIO,CUL
UIO,CUR
UIO,CWB
UIO,CWB
UIO,CWB
UIO,CUZ
UIO,COR
UIO,CUC
UIO,TAE
UIO,DLC
UIO,DFW
UIO,DRW
UIO,YDF
UIO,DPS
UIO,DXB
UIO,DUB
UIO,DUD
UIO,DGO
UIO,DUS
UIO,EDI
UIO,YEA
UIO,YEA
UIO,YEA
UIO,YEA
UIO,FTE
UIO,IST
UIO,STO
UIO,STO
UIO,STO
UIO,STO
UIO,STO
UIO,SXB
UIO,EUG
UIO,FYV
UIO,FLN
UIO,YXJ
UIO,FOR
UIO,IGU
UIO,FRA
UIO,FRA
UIO,FRA
UIO,FPO
UIO,FUE
UIO,FUK
UIO,GNV
UIO,GCM
UIO,GVA
UIO,GLA
UIO,GLA
UIO,GLA
UIO,OOL
UIO,GOT
UIO,GOT
UIO,GOT
UIO,GRX
UIO,GSO
UIO,GDL
UIO,GYE
UIO,KWJ
UIO,YHZ
UIO,YHZ
UIO,YHZ
UIO,HAM
UIO,YHM
UIO,HAJ
UIO,HAN
UIO,HFD
UIO,HEL
UIO,HMO
UIO,SGN
UIO,HBA
UIO,HKG
UIO,HOU
UIO,HOU
UIO,HOU
UIO,HYD
UIO,IBZ
UIO,IGR
UIO,IQT
UIO,IPC
UIO,ZIH
UIO,JAX
UIO,CGK
UIO,CJU
UIO,XRY
UIO,TNA
UIO,HIN
UIO,JNB
UIO,JUL
UIO,OGG
UIO,FCA
UIO,YKA
UIO,MKC
UIO,KTM
UIO,LIH
UIO,YLW
UIO,EYW
UIO,KBP
UIO,YKF
UIO,KMQ
UIO,KOA
UIO,KUL
UIO,KCH
UIO,LCG
UIO,HAV
UIO,LAP
UIO,LPB
UIO,LRM
UIO,LSC
UIO,LGK
UIO,ACE
UIO,LAS
UIO,LBA
UIO,BJX
UIO,LIM
UIO,LIS
UIO,LON
UIO,LGB
UIO,LTO
UIO,LMM
UIO,LAX
UIO,SDF
UIO,LUX
UIO,LYS
UIO,LYS
UIO,LYS
UIO,MAD
UIO,MLE
UIO,MMH
UIO,MGA
UIO,MAO
UIO,MAN
UIO,MNL
UIO,ZLO
UIO,RAK
UIO,MRS
UIO,MAM
UIO,MYJ
UIO,MZT
UIO,MDE
UIO,MFR
UIO,MEL
UIO,MEL
UIO,MEL
UIO,MLN
UIO,MEM
UIO,MDZ
UIO,MAH
UIO,MIA
UIO,MIL
UIO,MIL
UIO,MIL
UIO,MIL
UIO,MIL
UIO,MSP
UIO,MSO
UIO,MBJ
UIO,MTY
UIO,MTY
UIO,MTY
UIO,MTR
UIO,MVD
UIO,YMQ
UIO,YMQ
UIO,YMQ
UIO,YMQ
UIO,MLM
UIO,MOW
UIO,MOW
UIO,MOW
UIO,MOW
UIO,BOM
UIO,MUC
UIO,AGP
UIO,MID
UIO,NGO
UIO,NBO
UIO,YCD
UIO,YCD
UIO,YCD
UIO,NKG
UIO,NTE
UIO,BNA
UIO,NAS
UIO,NVT
UIO,NQN
UIO,NCL
UIO,NCE
UIO,ORF
UIO,DEL
UIO,NYC
UIO,NLD
UIO,OAK
UIO,OAX
UIO,OKC
UIO,OPO
UIO,ORL
UIO,OSL
UIO,OSL
UIO,OSL
UIO,ZOS
UIO,YOW
UIO,YOW
UIO,YOW
UIO,PMI
UIO,PSP
UIO,PPT
UIO,PAR
UIO,PAR
UIO,PAR
UIO,PAR
UIO,PNS
UIO,PEI
UIO,PER
UIO,PHL
UIO,HKT
UIO,PIT
UIO,PIU
UIO,KPO
UIO,POS
UIO,POA
UIO,PAZ
UIO,PRG
UIO,YXS
UIO,PLS
UIO,PCL
UIO,PEM
UIO,PMC
UIO,POP
UIO,PAP
UIO,PVR
UIO,PUQ
UIO,PUJ
UIO,YQB
UIO,ZQN
UIO,TAO
UIO,RDU
UIO,REC
UIO,RDM
UIO,RNO
UIO,REX
UIO,RIC
UIO,RTB
UIO,ROM
UIO,ROM
UIO,ROM
UIO,ROS
UIO,RTM
UIO,RIO
UIO,RIO
UIO,RIO
UIO,SAC
UIO,YYT
UIO,SLA
UIO,SSA
UIO,SAT
UIO,SKB
UIO,SCY
UIO,SAN
UIO,SFO
UIO,SJD
UIO,SJO
UIO,SJO
UIO,SJO
UIO,SJU
UIO,SJU
UIO,SJU
UIO,UAQ
UIO,SLP
UIO,SAP
UIO,LED
UIO,SAL
UIO,SRZ
UIO,SMR
UIO,STS
UIO,SDR
UIO,SCL
UIO,SCQ
UIO,SDQ
UIO,SDQ
UIO,SDQ
UIO,SAO
UIO,SAO
UIO,SAO
UIO,YXE
UIO,SEL
UIO,SEL
UIO,SEL
UIO,SEL
UIO,SHA
UIO,SHA
UIO,SHA
UIO,SZX
UIO,SIN
UIO,SOF
UIO,STT
UIO,SVG
UIO,STR
UIO,SYD
UIO,TCQ
UIO,TPE
UIO,TYL
UIO,TLH
UIO,TPA
UIO,TAM
UIO,TAP
UIO,TPP
UIO,TGU
UIO,TLV
UIO,TLV
UIO,TLV
UIO,ZCO
UIO,YXT
UIO,YQT
UIO,TIJ
UIO,TYO
UIO,TYO
UIO,TYO
UIO,YTO
UIO,YTO
UIO,YTO
UIO,YTO
UIO,TRC
UIO,TLS
UIO,TRU
UIO,TUC
UIO,TUL
UIO,TBP
UIO,TRN
UIO,UDI
UIO,USN
UIO,USH
UIO,VLC
UIO,VUP
UIO,YVR
UIO,YVR
UIO,YVR
UIO,YVR
UIO,WAW
UIO,VCE
UIO,VCE
UIO,VCE
UIO,VER
UIO,YYJ
UIO,YYJ
UIO,YYJ
UIO,VIE
UIO,VGO
UIO,VSA
UIO,WAS
UIO,WAS
UIO,WAS
UIO,WLG
UIO,PBI
UIO,YXY
UIO,YQG
UIO,YWG
UIO,WUH
UIO,XIY
UIO,YZF
UIO,RSU
UIO,EYP
UIO,ZCL
UIO,ZAG
UIO,CGO
UIO,ZRH
RGL,ADL
RGL,ALC
RGL,LEI
RGL,AMS
RGL,OVD
RGL,AYP
RGL,BHI
RGL,BCN
RGL,BRC
RGL,BER
RGL,BER
RGL,BER
RGL,BIO
RGL,BLQ
RGL,BOD
RGL,BRE
RGL,BRU
RGL,BRU
RGL,BRU
RGL,BUE
RGL,BUE
RGL,BUE
RGL,CNS
RGL,CUN
RGL,MEX
RGL,MEX
RGL,MEX
RGL,MEX
RGL,CME
RGL,CPH
RGL,COR
RGL,DRW
RGL,DUS
RGL,EDI
RGL,STO
RGL,STO
RGL,STO
RGL,STO
RGL,STO
RGL,SXB
RGL,FRA
RGL,FRA
RGL,FRA
RGL,GVA
RGL,GLA
RGL,GLA
RGL,GLA
RGL,GRX
RGL,GDL
RGL,HAM
RGL,HAJ
RGL,HEL
RGL,HMO
RGL,HBA
RGL,IBZ
RGL,IGR
RGL,JNB
RGL,LCG
RGL,LPA
RGL,BJX
RGL,LIM
RGL,LON
RGL,LYS
RGL,LYS
RGL,LYS
RGL,MAD
RGL,MAN
RGL,MRS
RGL,MDE
RGL,MEL
RGL,MEL
RGL,MEL
RGL,MDZ
RGL,MIL
RGL,MIL
RGL,MIL
RGL,MIL
RGL,MIL
RGL,MTY
RGL,MTY
RGL,MTY
RGL,MPN
RGL,MUC
RGL,AGP
RGL,MID
RGL,NTE
RGL,NQN
RGL,NCE
RGL,NYC
RGL,OSL
RGL,OSL
RGL,OSL
RGL,PMI
RGL,PNA
RGL,PAR
RGL,PAR
RGL,PAR
RGL,PAR
RGL,PER
RGL,PMC
RGL,PUQ
RGL,ROM
RGL,ROM
RGL,ROM
RGL,RIO
RGL,RIO
RGL,RIO
RGL,SLA
RGL,UAQ
RGL,EAS
RGL,SDR
RGL,SCL
RGL,SCQ
RGL,SAO
RGL,SAO
RGL,SAO
RGL,SVQ
RGL,STR
RGL,SYD
RGL,TYL
RGL,TLV
RGL,TLV
RGL,TLV
RGL,TCI
RGL,TCI
RGL,TCI
RGL,TIJ
RGL,TLS
RGL,TUC
RGL,TRN
RGL,VLC
RGL,VCE
RGL,VCE
RGL,VCE
RGL,VER
RGL,VIE
RGL,VGO
RGL,VSA
RGL,ZRH
REC,ADL
REC,ALC
REC,LEI
REC,AMS
REC,OVD
REC,ATL
REC,AKL
REC,AYP
REC,BHI
REC,BCN
REC,BER
REC,BER
REC,BER
REC,BIO
REC,BOG
REC,BLQ
REC,BOD
REC,BOS
REC,BRE
REC,BRU
REC,BRU
REC,BRU
REC,BUE
REC,BUE
REC,BUE
REC,CNS
REC,CLO
REC,CUN
REC,CTG
REC,CLT
REC,CHI
REC,MEX
REC,CCP
REC,CPH
REC,CUZ
REC,DFW
REC,DRW
REC,DEN
REC,DTT
REC,DUS
REC,EDI
REC,STO
REC,STO
REC,STO
REC,STO
REC,STO
REC,SXB
REC,FRA
REC,FRA
REC,FRA
REC,GVA
REC,GLA
REC,GLA
REC,GLA
REC,GRX
REC,GDL
REC,GYE
REC,HAM
REC,HAJ
REC,HEL
REC,HBA
REC,HOU
REC,HOU
REC,HOU
REC,IBZ
REC,JAX
REC,JNB
REC,LCG
REC,LPA
REC,LAS
REC,LIM
REC,LON
REC,LAX
REC,LYS
REC,LYS
REC,LYS
REC,MAD
REC,MAN
REC,MRS
REC,MDE
REC,MEL
REC,MEL
REC,MEL
REC,MDZ
REC,MIA
REC,MIL
REC,MIL
REC,MIL
REC,MIL
REC,MIL
REC,MTY
REC,MVD
REC,MUC
REC,AGP
REC,MID
REC,NTE
REC,BNA
REC,NCE
REC,NYC
REC,ORL
REC,OSL
REC,OSL
REC,OSL
REC,PMI
REC,PNA
REC,PAR
REC,PAR
REC,PAR
REC,PAR
REC,PER
REC,PHL
REC,PHX
REC,PUQ
REC,PUJ
REC,PDP
REC,UIO
REC,RDU
REC,ROM
REC,ROM
REC,ROM
REC,ROS
REC,RIO
REC,RIO
REC,RIO
REC,SAN
REC,SFO
REC,EAS
REC,SDR
REC,SCL
REC,SCQ
REC,SAO
REC,SAO
REC,SAO
REC,SEA
REC,SVQ
REC,STR
REC,SYD
REC,TYL
REC,TPA
REC,TLV
REC,TLV
REC,TLV
REC,TCI
REC,TCI
REC,TCI
REC,TIJ
REC,TLS
REC,TRN
REC,VLC
REC,VCE
REC,VCE
REC,VCE
REC,VIE
REC,VGO
REC,VSA
REC,WAS
REC,WAS
REC,WAS
REC,ZRH
RBR,ADL
RBR,CNS
RBR,CUN
RBR,MEX
RBR,DRW
RBR,GDL
RBR,HBA
RBR,JNB
RBR,MEL
RBR,MEL
RBR,MEL
RBR,MTY
RBR,MVD
RBR,MID
RBR,PER
RBR,PUJ
RBR,SYD
RBR,TIJ
RBR,VSA
SFO,AQP
SFO,AYP
SFO,BBA
SFO,BRC
SFO,BHZ
SFO,BOG
SFO,BSB
SFO,BUE
SFO,BUE
SFO,BUE
SFO,CJC
SFO,CLO
SFO,CUN
SFO,CCP
SFO,CPO
SFO,CWB
SFO,CWB
SFO,CWB
SFO,CUZ
SFO,COR
SFO,FLN
SFO,FOR
SFO,IGU
SFO,GYN
SFO,GYE
SFO,IQQ
SFO,IQT
SFO,IPC
SFO,JUL
SFO,LPB
SFO,LIM
SFO,MAO
SFO,MDZ
SFO,MVD
SFO,NAT
SFO,ZOS
SFO,PIU
SFO,POA
SFO,PCL
SFO,PEM
SFO,PMC
SFO,PVR
SFO,PUQ
SFO,UIO
SFO,REC
SFO,RIO
SFO,RIO
SFO,RIO
SFO,SLA
SFO,SSA
SFO,SJD
SFO,SCL
SFO,SAO
SFO,SAO
SFO,SAO
SFO,TYL
SFO,TPP
SFO,ZCO
SFO,TRU
SFO,YVR
SFO,YVR
SFO,YVR
SFO,YVR
SFO,VIX
SJP,ADL
SJP,ALC
SJP,LEI
SJP,AMS
SJP,OVD
SJP,BCN
SJP,BER
SJP,BER
SJP,BER
SJP,BIO
SJP,BLQ
SJP,BOD
SJP,BRE
SJP,BRU
SJP,BRU
SJP,BRU
SJP,CNS
SJP,CUN
SJP,MEX
SJP,CPH
SJP,DRW
SJP,DUS
SJP,EDI
SJP,STO
SJP,STO
SJP,STO
SJP,STO
SJP,STO
SJP,SXB
SJP,FRA
SJP,FRA
SJP,FRA
SJP,GVA
SJP,GLA
SJP,GLA
SJP,GLA
SJP,GRX
SJP,GDL
SJP,HAM
SJP,HAJ
SJP,HEL
SJP,HBA
SJP,IBZ
SJP,JNB
SJP,LCG
SJP,LPA
SJP,LON
SJP,LYS
SJP,LYS
SJP,LYS
SJP,MAD
SJP,MAN
SJP,MRS
SJP,MEL
SJP,MEL
SJP,MEL
SJP,MIL
SJP,MIL
SJP,MIL
SJP,MIL
SJP,MIL
SJP,MTY
SJP,MVD
SJP,MUC
SJP,AGP
SJP,MID
SJP,NTE
SJP,NCE
SJP,OSL
SJP,OSL
SJP,OSL
SJP,PMI
SJP,PNA
SJP,PAR
SJP,PAR
SJP,PAR
SJP,PAR
SJP,PER
SJP,PUJ
SJP,ROM
SJP,ROM
SJP,ROM
SJP,EAS
SJP,SDR
SJP,SCQ
SJP,SAO
SJP,SAO
SJP,SAO
SJP,SVQ
SJP,STR
SJP,SYD
SJP,TLV
SJP,TLV
SJP,TLV
SJP,TCI
SJP,TCI
SJP,TCI
SJP,TIJ
SJP,TLS
SJP,TRN
SJP,VLC
SJP,VCE
SJP,VCE
SJP,VCE
SJP,VIE
SJP,VGO
SJP,VSA
SJP,ZRH
SJK,PUJ
SLZ,ADL
SLZ,ALC
SLZ,LEI
SLZ,AMS
SLZ,OVD
SLZ,AKL
SLZ,BCN
SLZ,BEL
SLZ,BER
SLZ,BER
SLZ,BER
SLZ,BIO
SLZ,BOG
SLZ,BLQ
SLZ,BOD
SLZ,BRE
SLZ,BRU
SLZ,BRU
SLZ,BRU
SLZ,BUE
SLZ,BUE
SLZ,BUE
SLZ,CNS
SLZ,MEX
SLZ,CPH
SLZ,DRW
SLZ,DUS
SLZ,EDI
SLZ,STO
SLZ,STO
SLZ,STO
SLZ,STO
SLZ,STO
SLZ,SXB
SLZ,FRA
SLZ,FRA
SLZ,FRA
SLZ,GVA
SLZ,GLA
SLZ,GLA
SLZ,GLA
SLZ,GRX
SLZ,HAM
SLZ,HAJ
SLZ,HEL
SLZ,HBA
SLZ,IBZ
SLZ,JNB
SLZ,LCG
SLZ,LPA
SLZ,LIM
SLZ,LON
SLZ,LYS
SLZ,LYS
SLZ,LYS
SLZ,MAD
SLZ,MAN
SLZ,MRS
SLZ,MEL
SLZ,MEL
SLZ,MEL
SLZ,MIL
SLZ,MIL
SLZ,MIL
SLZ,MIL
SLZ,MIL
SLZ,MVD
SLZ,MUC
SLZ,AGP
SLZ,NTE
SLZ,NCE
SLZ,OSL
SLZ,OSL
SLZ,OSL
SLZ,PMI
SLZ,PNA
SLZ,PAR
SLZ,PAR
SLZ,PAR
SLZ,PAR
SLZ,PER
SLZ,PUJ
SLZ,ROM
SLZ,ROM
SLZ,ROM
SLZ,EAS
SLZ,SDR
SLZ,SCL
SLZ,SCQ
SLZ,SAO
SLZ,SAO
SLZ,SAO
SLZ,SVQ
SLZ,STR
SLZ,SYD
SLZ,TLV
SLZ,TLV
SLZ,TLV
SLZ,TCI
SLZ,TCI
SLZ,TCI
SLZ,TLS
SLZ,TRN
SLZ,VLC
SLZ,VCE
SLZ,VCE
SLZ,VCE
SLZ,VIE
SLZ,VGO
SLZ,ZRH
SSA,ALC
SSA,LEI
SSA,AMS
SSA,OVD
SSA,ATL
SSA,BCN
SSA,BER
SSA,BER
SSA,BER
SSA,BIO
SSA,BOG
SSA,BLQ
SSA,BOD
SSA,BOS
SSA,BRE
SSA,BRU
SSA,BRU
SSA,BRU
SSA,BUE
SSA,BUE
SSA,BUE
SSA,CJC
SSA,CLO
SSA,CLT
SSA,CHI
SSA,MEX
SSA,CPH
SSA,CUZ
SSA,COR
SSA,DFW
SSA,DEN
SSA,DTT
SSA,DUS
SSA,EDI
SSA,STO
SSA,STO
SSA,STO
SSA,STO
SSA,STO
SSA,SXB
SSA,FRA
SSA,FRA
SSA,FRA
SSA,GVA
SSA,GLA
SSA,GLA
SSA,GLA
SSA,GRX
SSA,GYE
SSA,HAM
SSA,HAJ
SSA,HEL
SSA,HOU
SSA,HOU
SSA,HOU
SSA,IBZ
SSA,ADZ
SSA,JAX
SSA,JNB
SSA,LCG
SSA,LPB
SSA,LPA
SSA,LAS
SSA,LIM
SSA,LON
SSA,LAX
SSA,LYS
SSA,LYS
SSA,LYS
SSA,MAD
SSA,MAO
SSA,MAN
SSA,MRS
SSA,MDE
SSA,MDZ
SSA,MIA
SSA,MIL
SSA,MIL
SSA,MIL
SSA,MIL
SSA,MIL
SSA,MVD
SSA,MUC
SSA,AGP
SSA,NTE
SSA,BNA
SSA,NCE
SSA,MSY
SSA,NYC
SSA,ORL
SSA,OSL
SSA,OSL
SSA,OSL
SSA,PMI
SSA,PNA
SSA,PAR
SSA,PAR
SSA,PAR
SSA,PAR
SSA,PEI
SSA,PHL
SSA,PHX
SSA,PUJ
SSA,PDP
SSA,UIO
SSA,RDU
SSA,ROM
SSA,ROM
SSA,ROM
SSA,ROS
SSA,RIO
SSA,RIO
SSA,RIO
SSA,SAN
SSA,SFO
SSA,EAS
SSA,SDR
SSA,SCL
SSA,SCQ
SSA,SAO
SSA,SAO
SSA,SAO
SSA,SEA
SSA,SVQ
SSA,STR
SSA,SYD
SSA,TPA
SSA,TLV
SSA,TLV
SSA,TLV
SSA,ZCO
SSA,TCI
SSA,TCI
SSA,TCI
SSA,TLS
SSA,TRN
SSA,VLC
SSA,VCE
SSA,VCE
SSA,VCE
SSA,VIE
SSA,VGO
SSA,WAS
SSA,WAS
SSA,WAS
SSA,ZRH
STM,ADL
STM,ALC
STM,LEI
STM,AMS
STM,OVD
STM,BCN
STM,BER
STM,BER
STM,BER
STM,BIO
STM,BLQ
STM,BOD
STM,BRE
STM,BRU
STM,BRU
STM,BRU
STM,CNS
STM,MEX
STM,CPH
STM,DRW
STM,DUS
STM,EDI
STM,STO
STM,STO
STM,STO
STM,STO
STM,STO
STM,SXB
STM,FRA
STM,FRA
STM,FRA
STM,GVA
STM,GLA
STM,GLA
STM,GLA
STM,GRX
STM,HAM
STM,HAJ
STM,HEL
STM,HBA
STM,IBZ
STM,JNB
STM,LCG
STM,LPA
STM,LON
STM,LYS
STM,LYS
STM,LYS
STM,MAD
STM,MAN
STM,MRS
STM,MEL
STM,MEL
STM,MEL
STM,MIL
STM,MIL
STM,MIL
STM,MIL
STM,MIL
STM,MVD
STM,MUC
STM,AGP
STM,NTE
STM,NCE
STM,OSL
STM,OSL
STM,OSL
STM,PMI
STM,PNA
STM,PAR
STM,PAR
STM,PAR
STM,PAR
STM,PER
STM,PUJ
STM,ROM
STM,ROM
STM,ROM
STM,EAS
STM,SDR
STM,SCQ
STM,SVQ
STM,STR
STM,SYD
STM,TLV
STM,TLV
STM,TLV
STM,TCI
STM,TCI
STM,TCI
STM,TLS
STM,TRN
STM,VLC
STM,VCE
STM,VCE
STM,VCE
STM,VIE
STM,VGO
STM,ZRH
SCL,YXX
SCL,ABZ
SCL,AUH
SCL,ACA
SCL,ADL
SCL,AGU
SCL,ALG
SCL,ALC
SCL,LEI
SCL,AMM
SCL,AMS
SCL,ANC
SCL,ANU
SCL,ANF
SCL,AJU
SCL,AQP
SCL,ARI
SCL,AUA
SCL,ASE
SCL,OVD
SCL,ASU
SCL,ATH
SCL,ATL
SCL,AKL
SCL,AYP
SCL,BHI
SCL,BBA
SCL,GPS
SCL,BLR
SCL,BKK
SCL,BCN
SCL,BRC
SCL,BAQ
SCL,BJS
SCL,BEY
SCL,BEL
SCL,BFS
SCL,BFS
SCL,BFS
SCL,BHZ
SCL,BGO
SCL,BER
SCL,BER
SCL,BER
SCL,BDA
SCL,BIO
SCL,BHM
SCL,BOG
SCL,BOI
SCL,BLQ
SCL,BOD
SCL,BOS
SCL,BZN
SCL,YBR
SCL,BSB
SCL,BRE
SCL,BGI
SCL,BNE
SCL,BRU
SCL,BRU
SCL,BRU
SCL,BGA
SCL,BUH
SCL,BUD
SCL,BUE
SCL,BUE
SCL,BUE
SCL,PUS
SCL,CNS
SCL,CAI
SCL,CJA
SCL,CJC
SCL,YYC
SCL,CLO
SCL,CPE
SCL,CGR
SCL,CBR
SCL,CUN
SCL,CAN
SCL,CTG
SCL,SLU
SCL,WCA
SCL,CEB
SCL,CSX
SCL,CLT
SCL,YYG
SCL,CTU
SCL,MAA
SCL,CNX
SCL,CHI
SCL,CIX
SCL,CUU
SCL,CHC
SCL,CVG
SCL,GUA
SCL,MEX
SCL,MEX
SCL,MEX
SCL,MEX
SCL,PTY
SCL,CPT
SCL,CME
SCL,CJS
SCL,CEN
SCL,CLE
SCL,CMH
SCL,CRD
SCL,CCP
SCL,CPH
SCL,CPO
SCL,CZM
SCL,CUE
SCL,CGB
SCL,CUL
SCL,CUR
SCL,CWB
SCL,CWB
SCL,CWB
SCL,CUZ
SCL,COR
SCL,CUC
SCL,TAE
SCL,DLC
SCL,DFW
SCL,DRW
SCL,YDF
SCL,DPS
SCL,DEN
SCL,DTT
SCL,DXB
SCL,DUB
SCL,DUD
SCL,DGO
SCL,DUS
SCL,EDI
SCL,YEA
SCL,YEA
SCL,YEA
SCL,YEA
SCL,FTE
SCL,IST
SCL,STO
SCL,STO
SCL,STO
SCL,STO
SCL,STO
SCL,SXB
SCL,EUG
SCL,FYV
SCL,FLN
SCL,YXJ
SCL,FOR
SCL,IGU
SCL,FRA
SCL,FRA
SCL,FRA
SCL,FPO
SCL,FUE
SCL,FUK
SCL,GNV
SCL,GCM
SCL,GVA
SCL,GLA
SCL,GLA
SCL,GLA
SCL,GYN
SCL,OOL
SCL,GOT
SCL,GOT
SCL,GOT
SCL,GRX
SCL,GSO
SCL,GDL
SCL,GYE
SCL,KWJ
SCL,YHZ
SCL,YHZ
SCL,YHZ
SCL,HAM
SCL,YHM
SCL,HAJ
SCL,HAN
SCL,HFD
SCL,HEL
SCL,HMO
SCL,SGN
SCL,HBA
SCL,HKG
SCL,HNL
SCL,HOU
SCL,HOU
SCL,HOU
SCL,HYD
SCL,IBZ
SCL,IGR
SCL,IOS
SCL,IND
SCL,IQQ
SCL,IQT
SCL,IPC
SCL,ADZ
SCL,ZIH
SCL,JAX
SCL,CGK
SCL,CJU
SCL,XRY
SCL,TNA
SCL,HIN
SCL,JPA
SCL,JNB
SCL,JUL
SCL,OGG
SCL,FCA
SCL,YKA
SCL,MKC
SCL,KTM
SCL,LIH
SCL,YLW
SCL,EYW
SCL,KBP
SCL,YKF
SCL,KMQ
SCL,KOA
SCL,KUL
SCL,KCH
SCL,LCG
SCL,HAV
SCL,LAP
SCL,LPB
SCL,LRM
SCL,LSC
SCL,LGK
SCL,ACE
SCL,LPA
SCL,LAS
SCL,LBA
SCL,BJX
SCL,LET
SCL,LIM
SCL,LIS
SCL,LON
SCL,LGB
SCL,LTO
SCL,LMM
SCL,LAX
SCL,SDF
SCL,LUX
SCL,LYS
SCL,LYS
SCL,LYS
SCL,MCZ
SCL,MAD
SCL,MLE
SCL,MMH
SCL,MGA
SCL,MAO
SCL,MAN
SCL,MNL
SCL,ZLO
SCL,RAK
SCL,MRS
SCL,MAM
SCL,MYJ
SCL,MZT
SCL,MDE
SCL,MFR
SCL,MEL
SCL,MEL
SCL,MEL
SCL,MLN
SCL,MEM
SCL,MDZ
SCL,MAH
SCL,MIA
SCL,MIL
SCL,MIL
SCL,MIL
SCL,MIL
SCL,MIL
SCL,MSO
SCL,MBJ
SCL,MTY
SCL,MTY
SCL,MTY
SCL,MTR
SCL,MVD
SCL,YMQ
SCL,YMQ
SCL,YMQ
SCL,YMQ
SCL,MLM
SCL,MOW
SCL,MOW
SCL,MOW
SCL,MOW
SCL,MPN
SCL,BOM
SCL,MUC
SCL,AGP
SCL,MID
SCL,NGO
SCL,NBO
SCL,YCD
SCL,YCD
SCL,YCD
SCL,NKG
SCL,NTE
SCL,BNA
SCL,NAS
SCL,NAT
SCL,NVT
SCL,NQN
SCL,NCL
SCL,NCE
SCL,ORF
SCL,DEL
SCL,MSY
SCL,NYC
SCL,NLD
SCL,OAK
SCL,OAX
SCL,OKC
SCL,OPO
SCL,ORL
SCL,OSL
SCL,OSL
SCL,OSL
SCL,ZOS
SCL,YOW
SCL,YOW
SCL,YOW
SCL,PMI
SCL,PSP
SCL,PPT
SCL,PAR
SCL,PAR
SCL,PAR
SCL,PAR
SCL,PNS
SCL,PEI
SCL,PER
SCL,PHL
SCL,PHX
SCL,HKT
SCL,PIT
SCL,PIU
SCL,KPO
SCL,POS
SCL,PDX
SCL,POA
SCL,BPS
SCL,PAZ
SCL,PRG
SCL,YXS
SCL,PLS
SCL,PCL
SCL,PEM
SCL,PMC
SCL,POP
SCL,PAP
SCL,PVR
SCL,PUQ
SCL,PUJ
SCL,YQB
SCL,ZQN
SCL,TAO
SCL,UIO
SCL,RDU
SCL,REC
SCL,RDM
SCL,RNO
SCL,REX
SCL,RAO
SCL,RIC
SCL,RTB
SCL,ROM
SCL,ROM
SCL,ROM
SCL,ROS
SCL,RTM
SCL,RIO
SCL,RIO
SCL,RIO
SCL,RGL
SCL,SAC
SCL,YYT
SCL,STL
SCL,SLC
SCL,SLA
SCL,SSA
SCL,SAT
SCL,SKB
SCL,SCY
SCL,SAN
SCL,SFO
SCL,SJD
SCL,SJO
SCL,SJO
SCL,SJO
SCL,SJU
SCL,SJU
SCL,SJU
SCL,UAQ
SCL,SLP
SCL,SAP
SCL,LED
SCL,SAL
SCL,SRZ
SCL,SMR
SCL,STS
SCL,SDR
SCL,SCQ
SCL,SDQ
SCL,SDQ
SCL,SDQ
SCL,SLZ
SCL,SAO
SCL,SAO
SCL,SAO
SCL,YXE
SCL,SEA
SCL,SVQ
SCL,SEL
SCL,SEL
SCL,SEL
SCL,SEL
SCL,SHA
SCL,SHA
SCL,SHA
SCL,SZX
SCL,SIN
SCL,SOF
SCL,STT
SCL,SVG
SCL,STR
SCL,SYD
SCL,TCQ
SCL,TPE
SCL,TYL
SCL,TLH
SCL,TPA
SCL,TAM
SCL,TAP
SCL,TPP
SCL,TGU
SCL,TLV
SCL,TLV
SCL,TLV
SCL,ZCO
SCL,TCI
SCL,TCI
SCL,TCI
SCL,YXT
SCL,YQT
SCL,TIJ
SCL,TYO
SCL,TYO
SCL,TYO
SCL,YTO
SCL,YTO
SCL,YTO
SCL,YTO
SCL,TRC
SCL,TLS
SCL,TRU
SCL,TUC
SCL,TUL
SCL,TBP
SCL,TRN
SCL,UDI
SCL,USN
SCL,USH
SCL,ZAL
SCL,VLC
SCL,VUP
SCL,YVR
SCL,YVR
SCL,YVR
SCL,YVR
SCL,WAW
SCL,VCE
SCL,VCE
SCL,VCE
SCL,VER
SCL,YYJ
SCL,YYJ
SCL,YYJ
SCL,VIE
SCL,VGO
SCL,VSA
SCL,VIX
SCL,WAS
SCL,WAS
SCL,WAS
SCL,WLG
SCL,PBI
SCL,YXY
SCL,YQG
SCL,YWG
SCL,WUH
SCL,XIY
SCL,YZF
SCL,RSU
SCL,EYP
SCL,ZCL
SCL,ZAG
SCL,CGO
SCL,ZRH
SYD,ANF
SYD,AJU
SYD,AQP
SYD,ARI
SYD,ASU
SYD,AKL
SYD,AYP
SYD,BBA
SYD,GPS
SYD,BRC
SYD,BAQ
SYD,BEL
SYD,BHZ
SYD,BVB
SYD,BOG
SYD,BSB
SYD,BNE
SYD,BGA
SYD,BUE
SYD,BUE
SYD,BUE
SYD,CJC
SYD,CLO
SYD,CGR
SYD,CUN
SYD,CTG
SYD,CIX
SYD,YAI
SYD,MEX
SYD,MEX
SYD,MEX
SYD,MEX
SYD,AGT
SYD,CRD
SYD,CCP
SYD,CPO
SYD,CUE
SYD,CGB
SYD,CWB
SYD,CWB
SYD,CWB
SYD,CUZ
SYD,COR
SYD,CUC
SYD,FTE
SYD,FLN
SYD,FOR
SYD,IGU
SYD,GYN
SYD,GDL
SYD,GYE
SYD,IGR
SYD,IOS
SYD,IMP
SYD,IQQ
SYD,IQT
SYD,IPC
SYD,ADZ
SYD,JPA
SYD,JOI
SYD,JUL
SYD,HAV
SYD,LPB
SYD,LSC
SYD,LET
SYD,LIM
SYD,LDB
SYD,LAX
SYD,MCP
SYD,MCZ
SYD,MAO
SYD,MAB
SYD,MDE
SYD,MEL
SYD,MEL
SYD,MEL
SYD,MDZ
SYD,MIA
SYD,MTY
SYD,MTY
SYD,MTY
SYD,MTR
SYD,MVD
SYD,NAT
SYD,NVT
SYD,NQN
SYD,NYC
SYD,ORL
SYD,PMW
SYD,PEI
SYD,PIU
SYD,POA
SYD,BPS
SYD,PVH
SYD,PCL
SYD,PEM
SYD,PMC
SYD,PUQ
SYD,PUJ
SYD,UIO
SYD,REC
SYD,RAO
SYD,RBR
SYD,RIO
SYD,RIO
SYD,RIO
SYD,RGL
SYD,SLA
SYD,SSA
SYD,SCY
SYD,SMR
SYD,STM
SYD,SCL
SYD,SJP
SYD,SLZ
SYD,SAO
SYD,SAO
SYD,SAO
SYD,TCQ
SYD,TYL
SYD,TPP
SYD,ZCO
SYD,THE
SYD,TRU
SYD,TBP
SYD,UDI
SYD,USH
SYD,ZAL
SYD,VUP
SYD,VIX
SYD,EYP
TCQ,ADL
TCQ,ALC
TCQ,LEI
TCQ,AMS
TCQ,AQP
TCQ,OVD
TCQ,AKL
TCQ,AYP
TCQ,GPS
TCQ,BCN
TCQ,BAQ
TCQ,BER
TCQ,BER
TCQ,BER
TCQ,BIO
TCQ,BOG
TCQ,BLQ
TCQ,BOD
TCQ,BOS
TCQ,BRE
TCQ,BRU
TCQ,BRU
TCQ,BRU
TCQ,BGA
TCQ,BUE
TCQ,BUE
TCQ,BUE
TCQ,CNS
TCQ,CJA
TCQ,CLO
TCQ,CUN
TCQ,CTG
TCQ,CIX
TCQ,MEX
TCQ,MEX
TCQ,MEX
TCQ,MEX
TCQ,CME
TCQ,CPH
TCQ,CUE
TCQ,CUZ
TCQ,DRW
TCQ,DUS
TCQ,EDI
TCQ,STO
TCQ,STO
TCQ,STO
TCQ,STO
TCQ,STO
TCQ,SXB
TCQ,IGU
TCQ,FRA
TCQ,FRA
TCQ,FRA
TCQ,GLA
TCQ,GLA
TCQ,GLA
TCQ,GRX
TCQ,GDL
TCQ,GYE
TCQ,HAM
TCQ,HAJ
TCQ,HEL
TCQ,HMO
TCQ,HBA
TCQ,IBZ
TCQ,IGR
TCQ,IQT
TCQ,IPC
TCQ,JNB
TCQ,LCG
TCQ,HAV
TCQ,LPA
TCQ,BJX
TCQ,LIM
TCQ,LON
TCQ,LAX
TCQ,LYS
TCQ,LYS
TCQ,LYS
TCQ,MAD
TCQ,MAN
TCQ,MRS
TCQ,MDE
TCQ,MEL
TCQ,MEL
TCQ,MEL
TCQ,MDZ
TCQ,MIA
TCQ,MIL
TCQ,MIL
TCQ,MIL
TCQ,MIL
TCQ,MIL
TCQ,MTY
TCQ,MTY
TCQ,MTY
TCQ,MVD
TCQ,MUC
TCQ,AGP
TCQ,MID
TCQ,NTE
TCQ,NCE
TCQ,NYC
TCQ,ORL
TCQ,OSL
TCQ,OSL
TCQ,OSL
TCQ,PMI
TCQ,PNA
TCQ,PAR
TCQ,PAR
TCQ,PAR
TCQ,PAR
TCQ,PER
TCQ,PIU
TCQ,PCL
TCQ,PEM
TCQ,PUJ
TCQ,UIO
TCQ,EAS
TCQ,SRZ
TCQ,SMR
TCQ,SDR
TCQ,SCL
TCQ,SAO
TCQ,SAO
TCQ,SAO
TCQ,SVQ
TCQ,STR
TCQ,SYD
TCQ,TYL
TCQ,TPP
TCQ,TLV
TCQ,TLV
TCQ,TLV
TCQ,TCI
TCQ,TCI
TCQ,TCI
TCQ,TIJ
TCQ,YTO
TCQ,YTO
TCQ,YTO
TCQ,YTO
TCQ,TLS
TCQ,TRU
TCQ,TBP
TCQ,TRN
TCQ,VLC
TCQ,VCE
TCQ,VCE
TCQ,VCE
TCQ,VER
TCQ,VIE
TCQ,VGO
TCQ,VSA
THE,ADL
THE,ALC
THE,LEI
THE,AMS
THE,OVD
THE,BCN
THE,BER
THE,BER
THE,BER
THE,BIO
THE,BLQ
THE,BOD
THE,BRE
THE,BRU
THE,BRU
THE,BRU
THE,CNS
THE,CUN
THE,CTG
THE,MEX
THE,CPH
THE,DRW
THE,DUS
THE,EDI
THE,STO
THE,STO
THE,STO
THE,STO
THE,STO
THE,SXB
THE,FRA
THE,FRA
THE,FRA
THE,GVA
THE,GLA
THE,GLA
THE,GLA
THE,GRX
THE,GDL
THE,HAM
THE,HAJ
THE,HEL
THE,HBA
THE,IBZ
THE,JNB
THE,LCG
THE,LPA
THE,LON
THE,LYS
THE,LYS
THE,LYS
THE,MAD
THE,MAN
THE,MRS
THE,MEL
THE,MEL
THE,MEL
THE,MIL
THE,MIL
THE,MIL
THE,MIL
THE,MIL
THE,MTY
THE,MVD
THE,MUC
THE,AGP
THE,MID
THE,NTE
THE,NCE
THE,OSL
THE,OSL
THE,OSL
THE,PMI
THE,PNA
THE,PAR
THE,PAR
THE,PAR
THE,PAR
THE,PER
THE,PUJ
THE,ROM
THE,ROM
THE,ROM
THE,EAS
THE,SDR
THE,SCQ
THE,SVQ
THE,STR
THE,SYD
THE,TLV
THE,TLV
THE,TLV
THE,TCI
THE,TCI
THE,TCI
THE,TIJ
THE,TLS
THE,TRN
THE,VLC
THE,VCE
THE,VCE
THE,VCE
THE,VIE
THE,VGO
THE,VSA
THE,ZRH
UDI,ADL
UDI,ALC
UDI,LEI
UDI,AMS
UDI,OVD
UDI,BCN
UDI,BER
UDI,BER
UDI,BER
UDI,BIO
UDI,BOG
UDI,BLQ
UDI,BOD
UDI,BRE
UDI,BRU
UDI,BRU
UDI,BRU
UDI,CNS
UDI,CUN
UDI,MEX
UDI,CPH
UDI,CUZ
UDI,DRW
UDI,DUS
UDI,EDI
UDI,STO
UDI,STO
UDI,STO
UDI,STO
UDI,STO
UDI,SXB
UDI,FRA
UDI,FRA
UDI,FRA
UDI,GVA
UDI,GLA
UDI,GLA
UDI,GLA
UDI,GRX
UDI,GDL
UDI,GYE
UDI,HAM
UDI,HAJ
UDI,HEL
UDI,HBA
UDI,IBZ
UDI,JNB
UDI,LCG
UDI,LPA
UDI,LIM
UDI,LON
UDI,LYS
UDI,LYS
UDI,LYS
UDI,MAD
UDI,MAN
UDI,MRS
UDI,MEL
UDI,MEL
UDI,MEL
UDI,MIL
UDI,MIL
UDI,MIL
UDI,MIL
UDI,MIL
UDI,MTY
UDI,MVD
UDI,MUC
UDI,AGP
UDI,MID
UDI,NTE
UDI,NCE
UDI,OSL
UDI,OSL
UDI,OSL
UDI,PMI
UDI,PNA
UDI,PAR
UDI,PAR
UDI,PAR
UDI,PAR
UDI,PER
UDI,PUJ
UDI,UIO
UDI,ROM
UDI,ROM
UDI,ROM
UDI,RIO
UDI,RIO
UDI,RIO
UDI,EAS
UDI,SDR
UDI,SCL
UDI,SCQ
UDI,SAO
UDI,SAO
UDI,SAO
UDI,SVQ
UDI,STR
UDI,SYD
UDI,TLV
UDI,TLV
UDI,TLV
UDI,TCI
UDI,TCI
UDI,TCI
UDI,TIJ
UDI,TLS
UDI,TRN
UDI,VLC
UDI,VCE
UDI,VCE
UDI,VCE
UDI,VIE
UDI,VGO
UDI,VSA
UDI,ZRH
VIX,ADL
VIX,ALC
VIX,LEI
VIX,AMS
VIX,OVD
VIX,ATL
VIX,AKL
VIX,BCN
VIX,BER
VIX,BER
VIX,BER
VIX,BIO
VIX,BLQ
VIX,BOD
VIX,BOS
VIX,BRE
VIX,BRU
VIX,BRU
VIX,BRU
VIX,CNS
VIX,CUN
VIX,CLT
VIX,CHI
VIX,MEX
VIX,CPH
VIX,DFW
VIX,DRW
VIX,DEN
VIX,DTT
VIX,DUS
VIX,EDI
VIX,STO
VIX,STO
VIX,STO
VIX,STO
VIX,STO
VIX,SXB
VIX,FRA
VIX,FRA
VIX,FRA
VIX,GVA
VIX,GLA
VIX,GLA
VIX,GLA
VIX,GRX
VIX,GDL
VIX,HAM
VIX,HAJ
VIX,HEL
VIX,HBA
VIX,HOU
VIX,HOU
VIX,HOU
VIX,IBZ
VIX,JAX
VIX,JNB
VIX,LCG
VIX,LPA
VIX,LAS
VIX,LON
VIX,LAX
VIX,LYS
VIX,LYS
VIX,LYS
VIX,MAD
VIX,MAN
VIX,MRS
VIX,MEL
VIX,MEL
VIX,MEL
VIX,MIA
VIX,MIL
VIX,MIL
VIX,MIL
VIX,MIL
VIX,MIL
VIX,MTY
VIX,MVD
VIX,MUC
VIX,AGP
VIX,MID
VIX,NTE
VIX,BNA
VIX,NCE
VIX,MSY
VIX,NYC
VIX,ORL
VIX,OSL
VIX,OSL
VIX,OSL
VIX,PMI
VIX,PNA
VIX,PAR
VIX,PAR
VIX,PAR
VIX,PAR
VIX,PER
VIX,PHL
VIX,PHX
VIX,PUJ
VIX,RDU
VIX,ROM
VIX,ROM
VIX,ROM
VIX,RIO
VIX,RIO
VIX,RIO
VIX,SAN
VIX,SFO
VIX,EAS
VIX,SDR
VIX,SCL
VIX,SCQ
VIX,SAO
VIX,SAO
VIX,SAO
VIX,SEA
VIX,SVQ
VIX,STR
VIX,SYD
VIX,TPA
VIX,TLV
VIX,TLV
VIX,TLV
VIX,TCI
VIX,TCI
VIX,TCI
VIX,TIJ
VIX,TLS
VIX,TRN
VIX,VLC
VIX,VCE
VIX,VCE
VIX,VCE
VIX,VIE
VIX,VGO
VIX,VSA
VIX,WAS
VIX,WAS
VIX,WAS
VIX,ZRH
RAO,ADL
RAO,ALC
RAO,LEI
RAO,AMS
RAO,OVD
RAO,BCN
RAO,BAQ
RAO,BER
RAO,BER
RAO,BER
RAO,BIO
RAO,BOG
RAO,BLQ
RAO,BOD
RAO,BRE
RAO,BRU
RAO,BRU
RAO,BRU
RAO,BGA
RAO,CNS
RAO,CLO
RAO,CTG
RAO,MEX
RAO,CPH
RAO,CUC
RAO,DRW
RAO,DUS
RAO,EDI
RAO,STO
RAO,STO
RAO,STO
RAO,STO
RAO,STO
RAO,SXB
RAO,FRA
RAO,FRA
RAO,FRA
RAO,GVA
RAO,GLA
RAO,GLA
RAO,GLA
RAO,GRX
RAO,HAM
RAO,HAJ
RAO,HEL
RAO,HBA
RAO,IBZ
RAO,ADZ
RAO,JNB
RAO,LCG
RAO,LPA
RAO,LET
RAO,LON
RAO,LYS
RAO,LYS
RAO,LYS
RAO,MAD
RAO,MAN
RAO,MRS
RAO,MDE
RAO,MEL
RAO,MEL
RAO,MEL
RAO,MIL
RAO,MIL
RAO,MIL
RAO,MIL
RAO,MIL
RAO,MTR
RAO,MVD
RAO,MUC
RAO,AGP
RAO,NTE
RAO,NCE
RAO,OSL
RAO,OSL
RAO,OSL
RAO,PMI
RAO,PNA
RAO,PAR
RAO,PAR
RAO,PAR
RAO,PAR
RAO,PEI
RAO,PER
RAO,ROM
RAO,ROM
RAO,ROM
RAO,EAS
RAO,SMR
RAO,SDR
RAO,SCL
RAO,SCQ
RAO,SAO
RAO,SAO
RAO,SAO
RAO,SVQ
RAO,STR
RAO,SYD
RAO,TLV
RAO,TLV
RAO,TLV
RAO,TCI
RAO,TCI
RAO,TCI
RAO,TLS
RAO,TRN
RAO,VLC
RAO,VUP
RAO,VCE
RAO,VCE
RAO,VCE
RAO,VIE
RAO,VGO
RAO,EYP
RAO,ZRH
