DXB,HBE
ZNZ,DXB
ADD,DXB
AHB,DXB
RUH,DXB
HGA,DXB
MCT,DXB
TUU,DXB
DXB,JED
AMM,DWC
AMM,DXB
ASM,DXB
DXB,MCT
ISU,DXB
DXB,LYP
TIF,DXB
DWC,AMM
DXB,AMM
BAH,DXB
TBS,DXB
BEG,DXB
DXB,TIF
SYZ,DXB
BEY,DWC
BEY,DXB
ASB,DXB
BGW,DXB
EBB,DXB
SLL,DXB
LRR,DXB
DBV,DXB
BSR,DXB
ELQ,DXB
NJF,DXB
BTS,DXB
DXB,UET
DWC,BEY
DXB,BEY
SKG,DXB
SJJ,DXB
SAW,DXB
CTA,DXB
DXB,TBS
SKP,DXB
DXB,HYD
DXB,KHI
DXB,CMB
DXB,SYZ
DXB,EBB
DMM,DXB
DAR,DXB
OTP,DXB
DXB,ADD
DXB,AHB
DXB,ALA
DXB,ASB
DXB,BAH
DXB,BOM
DXB,COK
DXB,DEL
DXB,DAR
DXB,ELQ
DXB,KRT
DXB,EBL
DXB,FRU
DXB,DMM
DXB,EVN
DXB,GIZ
DXB,HAS
ODS,DXB
DXB,GYD
DXB,KWI
DXB,HGA
DXB,IFN
DXB,ISU
DXB,KBL
DXB,KTM
DXB,SLL
DXB,LRR
DXB,MAA
DXB,AMD
DXB,ASM
DXB,MED
DXB,VKO
DXB,MHD
DXB,MUX
DXB,NJF
DXB,OTP
DXB,RUH
DXB,SAW
DXB,SKT
DXB,KRR
DXB,LKO
DXB,TUU
DXB,UFA
DXB,ZNZ
DXB,SVO
DXB,TSE
DXB,TRV
DXB,PZU
EVN,DXB
MHD,DXB
MED,DXB
DYU,DXB
EBL,DXB
FRU,DXB
KWI,DXB
GIZ,DXB
GYD,DXB
HAS,DXB
KRT,DXB
KRK,DXB
KBL,DXB
JRO,DXB
IEV,DXB
JIB,DXB
IFN,DXB
JED,DXB
SOF,DXB
DXB,IEV
DXB,SOF
JUB,DXB
