MAD,BIO
ALC,IBZ
PRG,BCN
MAH,VLC
BCN,TLV
PMI,SCQ
VLC,MAD
PMI,ALC
BLQ,MAD
VLC,PMI
MAD,SCQ
MAD,DUB
BIO,MAD
IBZ,ALC
TLV,BCN
HAM,MAD
MAD,OVD
PMI,VLC
AGP,MAD
ALC,PMI
IBZ,MAD
FLR,MAD
SCQ,PMI
IBZ,VLC
MAD,BUD
MAD,CPH
BIO,LON
IEV,BCN
MAD,VLC
TNG,MAD
DUB,MAD
MAD,ACE
BCN,HEL
PMI,OVD
SOF,MAD
BCN,PRG
TCI,SCQ
MAD,FRA
HEL,BCN
BCN,MAD
MAD,BLQ
MAD,BHX
OVD,PMI
ACE,LON
MAD,SVQ
LON,ACE
MAD,ROM
MAH,BCN
LON,BIO
MAD,MLA
SVQ,LON
VLC,OVD
MAD,BRU
RAK,MAD
VLC,AGP
MAD,MRS
OPO,MAD
SCQ,TCI
SCQ,MAD
VLC,BCN
ROM,MAD
TCI,ALC
AGP,VLC
BCN,VLC
MAD,PRG
MAD,TNG
MAD,PMI
TLS,MAD
MLA,MAD
MAD,FLR
MAD,HAM
MRS,MAD
SVQ,MAD
MAD,FUE
MAD,RAK
MAD,SOF
MAD,SHA
BCN,LON
ALC,BIO
SHA,MAD
BIO,VLC
OVD,MAD
BCN,IEV
VLC,SVQ
MAD,BCN
FUE,MAD
MAD,OPO
VLC,IBZ
MAD,IBZ
MAD,AGP
LON,BCN
MAD,PAR
BIO,ALC
VLC,BIO
PAR,MAD
MAD,TLS
SVQ,VLC
ALC,TCI
MAN,MAD
LON,SVQ
